"","p_val","avg_log2FC","pct.1","pct.2","p_val_adj","gene","direction"
"IGKC",5.3924695257542e-71,2.87478302010749,0.629,0.07,1.25703857114856e-66,"IGKC","Up in Severe COVID"
"PPBP",2.78087574592108e-56,4.51784252295209,0.518,0.058,6.48249945131664e-52,"PPBP","Up in Severe COVID"
"PF4",9.85347671684036e-56,5.00862958664549,0.452,0.037,2.29694395746266e-51,"PF4","Up in Severe COVID"
"S100A4",1.05535524463087e-48,-1.11015315378166,0.714,0.941,2.46013861075902e-44,"S100A4","Up in Influenza"
"ANXA1",3.7679031143659e-46,-1.10976605490938,0.561,0.861,8.78335894989834e-42,"ANXA1","Up in Influenza"
"MT-CO2",2.3011469567051e-37,-0.558751468885343,0.985,0.993,5.36420367077526e-33,"MT-CO2","Up in Influenza"
"S100A10",4.55134532302233e-36,-1.08916506244577,0.674,0.906,1.06096410824973e-31,"S100A10","Up in Influenza"
"MYL9",5.04096007314372e-36,4.41638588950476,0.304,0.029,1.17509820265053e-31,"MYL9","Up in Severe COVID"
"AHNAK",3.30178479063755e-35,-1.29138920295311,0.503,0.763,7.69679052545518e-31,"AHNAK","Up in Influenza"
"GNG11",4.32759057838823e-35,4.19471907773222,0.304,0.026,1.00880463972808e-30,"GNG11","Up in Severe COVID"
"CAVIN2",2.94536318107068e-34,3.97645788716892,0.287,0.03,6.86593611139385e-30,"CAVIN2","Up in Severe COVID"
"IGHA1",6.68244709615067e-34,4.66348159219128,0.315,0.027,1.55774524258368e-29,"IGHA1","Up in Severe COVID"
"LYZ",8.51290422171976e-29,-0.997769365392356,0.485,0.763,1.98444310312509e-24,"LYZ","Up in Influenza"
"S100A11",1.32555694295845e-28,-0.773222304052434,0.563,0.849,3.09000578973044e-24,"S100A11","Up in Influenza"
"HSPA1A",2.60125328008023e-28,-3.48781392798185,0.07,0.34,6.06378152119501e-24,"HSPA1A","Up in Influenza"
"HLA-DQA2",3.13513399984841e-28,-2.47564959787799,0.053,0.368,7.30831086704664e-24,"HLA-DQA2","Up in Influenza"
"PTPRC",5.01512263870189e-28,-0.782782537267205,0.734,0.911,1.1690752383078e-23,"PTPRC","Up in Influenza"
"FGL2",1.82716966992266e-27,-1.26820727448364,0.334,0.594,4.25931521755671e-23,"FGL2","Up in Influenza"
"GIMAP4",2.1818840901426e-26,-1.75785777703657,0.25,0.565,5.08619000253142e-22,"GIMAP4","Up in Influenza"
"IGLC2",3.3251379114623e-26,2.98005736060463,0.257,0.047,7.75122898540977e-22,"IGLC2","Up in Severe COVID"
"TMEM176B",5.08219515851507e-26,-1.9747640341541,0.159,0.431,1.18471051340145e-21,"TMEM176B","Up in Influenza"
"S100A6",1.67524160818304e-25,-0.726259966767906,0.768,0.945,3.90515571283548e-21,"S100A6","Up in Influenza"
"SAMHD1",3.28801011014639e-25,-1.27216940735023,0.457,0.74,7.66468036776224e-21,"SAMHD1","Up in Influenza"
"NEAT1",7.22558876315947e-25,-0.536087869654824,0.757,0.946,1.6843569965801e-20,"NEAT1","Up in Influenza"
"PDLIM1",7.8470421174625e-25,3.43973693803399,0.329,0.122,1.82922398800168e-20,"PDLIM1","Up in Severe COVID"
"TMSB10",1.15204517713838e-24,-0.604711704699733,0.88,0.975,2.68553251242727e-20,"TMSB10","Up in Influenza"
"VIM",2.54410610783601e-24,-0.685746117620318,0.786,0.938,5.93056574797652e-20,"VIM","Up in Influenza"
"LCP1",8.07124446874529e-24,-0.670538993003377,0.621,0.86,1.88148779810921e-19,"LCP1","Up in Influenza"
"DBI",1.98231977088552e-23,-0.856227104026523,0.584,0.801,4.62098561791123e-19,"DBI","Up in Influenza"
"MNDA",3.02269274292622e-23,-1.15162178428639,0.391,0.607,7.04619905303531e-19,"MNDA","Up in Influenza"
"CORO1A",5.51220639938785e-23,-0.702607595091602,0.711,0.883,1.2849504337613e-18,"CORO1A","Up in Influenza"
"TAP1",9.4452965412946e-23,-1.69182850942423,0.287,0.577,2.20179307674119e-18,"TAP1","Up in Influenza"
"UCP2",1.15742132887968e-22,-0.921225450138892,0.52,0.753,2.69806485975142e-18,"UCP2","Up in Influenza"
"EIF1",3.61686310174286e-22,0.553485679835667,0.98,0.982,8.43126957647277e-18,"EIF1","Up in Severe COVID"
"PSME2",4.22941942693551e-22,-1.44755362525381,0.545,0.756,9.85919962612937e-18,"PSME2","Up in Influenza"
"RARRES3",5.92820946895303e-22,-1.65609732717048,0.383,0.636,1.38192490930764e-17,"RARRES3","Up in Influenza"
"TSPO",9.75377179030643e-22,-0.698593346199745,0.619,0.84,2.27370174203833e-17,"TSPO","Up in Influenza"
"CEBPD",1.04667310367218e-21,-0.825576822106685,0.405,0.654,2.43989967197023e-17,"CEBPD","Up in Influenza"
"FYB1",1.43321610111618e-21,-0.805617594742203,0.608,0.832,3.34097005331193e-17,"FYB1","Up in Influenza"
"ANXA5",1.52560679022744e-21,-0.823671068639429,0.464,0.709,3.5563419886992e-17,"ANXA5","Up in Influenza"
"PFN1",2.28897369684156e-21,-0.561783806655913,0.888,0.957,5.33582658470736e-17,"PFN1","Up in Influenza"
"MYO1F",2.55943244567844e-21,-0.681056629652239,0.503,0.787,5.96629297412101e-17,"MYO1F","Up in Influenza"
"VAMP5",4.04729349408044e-21,-1.47911277787471,0.409,0.643,9.43464586405091e-17,"VAMP5","Up in Influenza"
"LSP1",4.52877320989338e-21,-0.757863781386153,0.571,0.751,1.05570232295825e-16,"LSP1","Up in Influenza"
"MVP",1.05448000341357e-20,-1.23555532778875,0.294,0.504,2.45809833595736e-16,"MVP","Up in Influenza"
"FKBP5",1.0911763918391e-20,-1.12536292659989,0.367,0.597,2.54364128701614e-16,"FKBP5","Up in Influenza"
"GLIPR2",1.75202669846448e-20,-0.952631843011486,0.393,0.632,4.08414943679054e-16,"GLIPR2","Up in Influenza"
"GZMA",2.29849044819793e-20,-1.66790145700155,0.179,0.464,5.3580110837942e-16,"GZMA","Up in Influenza"
"HIST1H2AC",3.19495583539433e-20,3.72661406603063,0.317,0.128,7.44776154788772e-16,"HIST1H2AC","Up in Severe COVID"
"MYO1G",4.51749009421892e-20,-0.829277825346859,0.464,0.695,1.05307211586337e-15,"MYO1G","Up in Influenza"
"VCAN",7.36531714315729e-20,-1.00136850145396,0.374,0.617,1.7169290792414e-15,"VCAN","Up in Influenza"
"TMEM176A",8.96685875426317e-20,-1.77639908447282,0.13,0.341,2.09026444420629e-15,"TMEM176A","Up in Influenza"
"PSMB9",1.08226693393135e-19,-1.18269590905905,0.548,0.752,2.52287244968736e-15,"PSMB9","Up in Influenza"
"HSPA8",1.26821748227843e-19,-1.21356111004828,0.519,0.733,2.95634177293924e-15,"HSPA8","Up in Influenza"
"KLF2",1.71283418002835e-19,-1.062978256737,0.559,0.801,3.99278775706409e-15,"KLF2","Up in Influenza"
"NRGN",2.23160974493442e-19,3.46587434513027,0.532,0.317,5.20210547641663e-15,"NRGN","Up in Severe COVID"
"KLF6",2.4130983632265e-19,-0.82235276304038,0.664,0.841,5.6251735945173e-15,"KLF6","Up in Influenza"
"CYBA",2.70008662799547e-19,-0.549253793582923,0.813,0.943,6.29417193852023e-15,"CYBA","Up in Influenza"
"SELPLG",3.67768139665358e-19,-1.31567343830803,0.288,0.539,8.57304310373915e-15,"SELPLG","Up in Influenza"
"ARHGAP30",4.9410419088376e-19,-0.885890939055288,0.396,0.599,1.15180627936913e-14,"ARHGAP30","Up in Influenza"
"DDIT3",8.49617413754234e-19,1.96227811764326,0.332,0.121,1.98054315320249e-14,"DDIT3","Up in Severe COVID"
"MTURN",1.40063832753249e-18,3.34775210894231,0.261,0.075,3.26502800531099e-14,"MTURN","Up in Severe COVID"
"GBP2",1.99066704600766e-18,-1.29904729691928,0.29,0.517,4.64044395094845e-14,"GBP2","Up in Influenza"
"FAM198B",2.20846883539827e-18,-1.58631435837414,0.13,0.276,5.1481617021969e-14,"FAM198B","Up in Influenza"
"DPYSL2",4.9112837692658e-18,-1.67602365243543,0.211,0.423,1.14486935945355e-13,"DPYSL2","Up in Influenza"
"C9orf16",5.78878856502378e-18,1.62254894899145,0.638,0.47,1.34942450239269e-13,"C9orf16","Up in Severe COVID"
"YWHAB",6.57190157141888e-18,-0.572266454855671,0.705,0.879,1.53197597531346e-13,"YWHAB","Up in Influenza"
"ADGRE5",7.4891163512592e-18,-0.978998954708983,0.463,0.71,1.74578791264203e-13,"ADGRE5","Up in Influenza"
"PSTPIP1",8.59314614397008e-18,-0.995984795656126,0.299,0.498,2.00314829762087e-13,"PSTPIP1","Up in Influenza"
"NKG7",1.06278209177116e-17,-1.5108464672042,0.355,0.603,2.47745133412775e-13,"NKG7","Up in Influenza"
"GBP1",1.06418459366893e-17,-1.69754980564121,0.172,0.433,2.48072070630165e-13,"GBP1","Up in Influenza"
"TYMP",1.70596917176094e-17,-1.02668908964859,0.502,0.731,3.97678473629193e-13,"TYMP","Up in Influenza"
"S100A12",2.72616485576213e-17,-0.712503982762589,0.385,0.626,6.3549628952671e-13,"S100A12","Up in Influenza"
"ANXA2",3.23842401737913e-17,-0.741198361361814,0.485,0.744,7.5490902269125e-13,"ANXA2","Up in Influenza"
"IL17RA",3.31537690833622e-17,-0.968293230664239,0.311,0.476,7.72847511102256e-13,"IL17RA","Up in Influenza"
"CSK",3.36576748926574e-17,-0.859992173232036,0.428,0.624,7.84594059422737e-13,"CSK","Up in Influenza"
"GZMH",3.48074474895178e-17,-1.68356094901106,0.16,0.43,8.11396408428151e-13,"GZMH","Up in Influenza"
"ADA2",3.71294236655671e-17,-1.04410877546389,0.282,0.451,8.65523995068035e-13,"ADA2","Up in Influenza"
"PRR13",4.78257298677484e-17,-0.620233474655233,0.607,0.794,1.11486558894708e-12,"PRR13","Up in Influenza"
"PRDX1",4.88194833023883e-17,-0.785655806089256,0.424,0.62,1.13803097526197e-12,"PRDX1","Up in Influenza"
"MS4A6A",5.33661682571265e-17,-0.911637284887109,0.338,0.53,1.24401874824188e-12,"MS4A6A","Up in Influenza"
"MT2A",7.62161424222394e-17,-1.19527877962603,0.461,0.696,1.77667449600482e-12,"MT2A","Up in Influenza"
"CTSS",1.52519118063528e-16,-0.58942883973468,0.617,0.809,3.55537316117889e-12,"CTSS","Up in Influenza"
"EFHD2",1.59120938038971e-16,-0.590087388583525,0.565,0.814,3.70926818662646e-12,"EFHD2","Up in Influenza"
"UBE2L6",1.74738793749171e-16,-1.19500094422846,0.363,0.58,4.07333602108694e-12,"UBE2L6","Up in Influenza"
"ARHGAP26",1.90902029676536e-16,-1.02947662396864,0.218,0.354,4.45011721378972e-12,"ARHGAP26","Up in Influenza"
"ID2",1.98327933804734e-16,-0.864258003106893,0.424,0.682,4.62322246492217e-12,"ID2","Up in Influenza"
"ALDH2",3.16091473505902e-16,-0.792211381186085,0.28,0.416,7.36840833889609e-12,"ALDH2","Up in Influenza"
"LTA4H",3.35160824578952e-16,-0.866434670075749,0.382,0.534,7.81293398175995e-12,"LTA4H","Up in Influenza"
"CYBB",3.35302645533262e-16,-0.943983524371393,0.396,0.563,7.81623997002587e-12,"CYBB","Up in Influenza"
"KCTD12",3.73703576159579e-16,-1.2443363421951,0.259,0.443,8.71140406385594e-12,"KCTD12","Up in Influenza"
"PRF1",3.77651569397435e-16,-1.48593394525251,0.162,0.402,8.8034357342236e-12,"PRF1","Up in Influenza"
"SHKBP1",4.07643687838535e-16,-0.613945770470557,0.39,0.558,9.50258200720409e-12,"SHKBP1","Up in Influenza"
"POLE4",4.1813844672483e-16,-0.723490893616355,0.393,0.542,9.74722533160251e-12,"POLE4","Up in Influenza"
"FGFBP2",6.22981052484762e-16,-1.77181252852694,0.14,0.385,1.45223113144723e-11,"FGFBP2","Up in Influenza"
"CSTB",7.51064740552372e-16,-0.709203358567292,0.498,0.711,1.75080701670163e-11,"CSTB","Up in Influenza"
"DOK2",7.85018037835014e-16,-0.632434626364487,0.339,0.584,1.8299555479972e-11,"DOK2","Up in Influenza"
"SAP30",8.3456275966041e-16,-0.841029835656934,0.225,0.401,1.94544924904438e-11,"SAP30","Up in Influenza"
"GRN",1.19395614611542e-15,-0.729640092382712,0.428,0.604,2.78323117220967e-11,"GRN","Up in Influenza"
"GLRX",1.30602694415637e-15,-0.693134583959791,0.431,0.648,3.04447940952292e-11,"GLRX","Up in Influenza"
"RBMS1",1.5111165479775e-15,-0.827056926059776,0.363,0.53,3.52256378499036e-11,"RBMS1","Up in Influenza"
"GNLY",1.73972141351993e-15,-1.13092562347808,0.158,0.434,4.0554645870563e-11,"GNLY","Up in Influenza"
"FPR1",1.80599103106845e-15,-0.603435094179596,0.343,0.51,4.20994569252367e-11,"FPR1","Up in Influenza"
"AKAP13",2.8988842756842e-15,-0.546635110713938,0.575,0.739,6.75758913504744e-11,"AKAP13","Up in Influenza"
"CCL4",3.00986399007725e-15,-0.931232701269173,0.223,0.49,7.01629394726908e-11,"CCL4","Up in Influenza"
"WASHC2C",3.01842732126158e-15,-1.65961634604828,0.163,0.334,7.03625592859287e-11,"WASHC2C","Up in Influenza"
"FAM129A",3.3633364224812e-15,-1.05939608693225,0.241,0.419,7.84027353444592e-11,"FAM129A","Up in Influenza"
"GIMAP1",3.87518632725275e-15,-1.06416252104206,0.223,0.402,9.03344684745888e-11,"GIMAP1","Up in Influenza"
"CASP1",4.01046841169092e-15,-0.807226127614051,0.378,0.588,9.34880291449271e-11,"CASP1","Up in Influenza"
"CALM2",4.32413697168628e-15,-0.533123454656987,0.662,0.815,1.00799956946979e-10,"CALM2","Up in Influenza"
"SPG21",7.55215601282566e-15,-0.767330071957337,0.306,0.453,1.76048308814979e-10,"SPG21","Up in Influenza"
"H1FX",9.19394359298838e-15,-0.883589798726403,0.557,0.734,2.14320019096152e-10,"H1FX","Up in Influenza"
"GBP5",9.54805762815732e-15,-1.53902726834907,0.149,0.365,2.22574771369975e-10,"GBP5","Up in Influenza"
"FGR",1.01448119841549e-14,-0.638383161001057,0.392,0.633,2.36485712162636e-10,"FGR","Up in Influenza"
"IQGAP1",1.11426514046358e-14,-0.591347932671564,0.583,0.77,2.59746346893466e-10,"IQGAP1","Up in Influenza"
"PYCARD",1.26334718752465e-14,-0.59173414668143,0.463,0.701,2.94498862883872e-10,"PYCARD","Up in Influenza"
"CLIC3",1.97410613258687e-14,-1.44159994225944,0.093,0.262,4.60183880567326e-10,"CLIC3","Up in Influenza"
"CKLF",2.07663811193224e-14,-0.578770911830198,0.402,0.556,4.84085110272525e-10,"CKLF","Up in Influenza"
"SSBP4",2.14100146115018e-14,-1.09046986875559,0.323,0.512,4.99088850608717e-10,"SSBP4","Up in Influenza"
"KIAA0930",2.48768266623645e-14,-1.11082702371516,0.249,0.402,5.79903706326379e-10,"KIAA0930","Up in Influenza"
"TLR2",2.79306219956304e-14,-0.973248217076231,0.223,0.354,6.5109072934014e-10,"TLR2","Up in Influenza"
"CX3CR1",2.95518935237151e-14,-2.52958251108005,0.047,0.268,6.88884189931322e-10,"CX3CR1","Up in Influenza"
"CFP",3.08082429743256e-14,-0.642405063977585,0.315,0.461,7.18170951974505e-10,"CFP","Up in Influenza"
"CD14",3.34332075476075e-14,-0.560290729490193,0.345,0.532,7.79361501142279e-10,"CD14","Up in Influenza"
"FBXL5",3.48587370447991e-14,-0.759805673126037,0.32,0.463,8.12592019251312e-10,"FBXL5","Up in Influenza"
"PSMB3",3.91116591127886e-14,-0.563717056306426,0.556,0.743,9.11731885578216e-10,"PSMB3","Up in Influenza"
"AGTRAP",4.25092726202056e-14,-0.581621855589348,0.405,0.605,9.90933654049614e-10,"AGTRAP","Up in Influenza"
"LRRK2",4.49471835555409e-14,-1.31169650544732,0.239,0.409,1.04776379586322e-09,"LRRK2","Up in Influenza"
"NAP1L1",5.13370269007418e-14,1.91066214020778,0.761,0.622,1.19671743408319e-09,"NAP1L1","Up in Severe COVID"
"HCLS1",5.18692154519044e-14,-0.597004006003582,0.529,0.71,1.20912328139934e-09,"HCLS1","Up in Influenza"
"PPP1CA",5.23624951650681e-14,-0.745373614188632,0.58,0.778,1.2206221247929e-09,"PPP1CA","Up in Influenza"
"RAC2",5.78002996597354e-14,-0.618697527752459,0.63,0.773,1.34738278536809e-09,"RAC2","Up in Influenza"
"GZMB",6.20670930112308e-14,-1.04006756331683,0.152,0.401,1.4468460051848e-09,"GZMB","Up in Influenza"
"DMXL2",7.36295484109361e-14,-1.25331493410119,0.202,0.368,1.71637840300733e-09,"DMXL2","Up in Influenza"
"PSME1",8.32481834023152e-14,-0.81195652742458,0.676,0.834,1.94059840329137e-09,"PSME1","Up in Influenza"
"HIGD2A",9.52001062929149e-14,-0.514102590071662,0.586,0.755,2.21920967779414e-09,"HIGD2A","Up in Influenza"
"CTDNEP1",9.69617477386539e-14,-0.540229557667195,0.438,0.596,2.26027530153576e-09,"CTDNEP1","Up in Influenza"
"RNF213",1.02805931866109e-13,-0.74443683762657,0.535,0.761,2.39650907773088e-09,"RNF213","Up in Influenza"
"ITGAM",1.17380823873566e-13,-0.711075287712703,0.326,0.487,2.73626438531669e-09,"ITGAM","Up in Influenza"
"FOLR3",1.22593886852607e-13,-2.57565681249369,0.131,0.313,2.85778609642112e-09,"FOLR3","Up in Influenza"
"TXNIP",1.24492538536507e-13,-0.764027732729093,0.775,0.892,2.90204556582452e-09,"TXNIP","Up in Influenza"
"IL10RA",1.38702104377319e-13,-0.547036044765443,0.421,0.581,3.23328475513967e-09,"IL10RA","Up in Influenza"
"NT5C3A",1.39917023955066e-13,2.81484489644739,0.38,0.202,3.26160574541653e-09,"NT5C3A","Up in Severe COVID"
"GNB2",1.5278161090327e-13,-0.54525382235705,0.521,0.711,3.56149213176613e-09,"GNB2","Up in Influenza"
"CDK2AP2",1.64340594698132e-13,-1.2635123380294,0.209,0.411,3.83094360300816e-09,"CDK2AP2","Up in Influenza"
"BST2",1.89798005044111e-13,-0.811634237745987,0.44,0.651,4.42438129558327e-09,"BST2","Up in Influenza"
"GTF2I",2.58489680052508e-13,-0.64040165826158,0.343,0.492,6.02565293170401e-09,"GTF2I","Up in Influenza"
"PTPN6",2.61957992056832e-13,-0.781455405939156,0.443,0.642,6.10650275283682e-09,"PTPN6","Up in Influenza"
"OST4",2.72683737095119e-13,1.51498897832993,0.85,0.811,6.35653059542433e-09,"OST4","Up in Severe COVID"
"MCL1",2.78383334568342e-13,-0.649297126556159,0.576,0.718,6.48939391212262e-09,"MCL1","Up in Influenza"
"DPYD",3.00502992222362e-13,-0.948217612290271,0.221,0.347,7.00502525169549e-09,"DPYD","Up in Influenza"
"NDUFC2",3.07974207926908e-13,-0.597612489722226,0.453,0.631,7.17918676098416e-09,"NDUFC2","Up in Influenza"
"SERPINA1",3.51321484837844e-13,-0.509396092680932,0.364,0.54,8.18965513305498e-09,"SERPINA1","Up in Influenza"
"ANPEP",3.94584899048823e-13,-1.02488354142099,0.174,0.35,9.19816858172711e-09,"ANPEP","Up in Influenza"
"GBP4",3.95461594829122e-13,-1.47189997666808,0.179,0.372,9.21860523706167e-09,"GBP4","Up in Influenza"
"IL32",5.77166886212676e-13,-1.51206195104482,0.25,0.461,1.34543372845037e-08,"IL32","Up in Influenza"
"MT-ND5",6.71323805574928e-13,-0.504237504202371,0.879,0.96,1.56492292317571e-08,"MT-ND5","Up in Influenza"
"PTGER2",7.4752261909206e-13,-1.12684111599725,0.24,0.432,1.7425499773655e-08,"PTGER2","Up in Influenza"
"WARS",7.50089654402278e-13,-1.25357402989132,0.269,0.447,1.74853399337715e-08,"WARS","Up in Influenza"
"NCF1",7.96903549497261e-13,-1.24881568148691,0.54,0.649,1.85766186423306e-08,"NCF1","Up in Influenza"
"CTSB",8.71511256965881e-13,-0.662994878734722,0.415,0.593,2.03157989111316e-08,"CTSB","Up in Influenza"
"XRCC5",8.73432582489795e-13,-0.51184259262712,0.489,0.626,2.03605869304196e-08,"XRCC5","Up in Influenza"
"CD44",1.01260680510702e-12,-0.508044235497481,0.65,0.762,2.36048772338498e-08,"CD44","Up in Influenza"
"SLCO3A1",1.07391148073108e-12,-0.801475017363981,0.24,0.368,2.50339505273222e-08,"SLCO3A1","Up in Influenza"
"EHBP1L1",1.14215037218147e-12,-0.77149256242636,0.328,0.474,2.66246673259223e-08,"EHBP1L1","Up in Influenza"
"STK38",1.28386710930587e-12,-0.960894887909628,0.192,0.328,2.99282261850292e-08,"STK38","Up in Influenza"
"JPT1",1.48262311995464e-12,-0.80578124037252,0.376,0.571,3.45614275492626e-08,"JPT1","Up in Influenza"
"STAT1",1.82803251397168e-12,-1.3078745026997,0.3,0.544,4.26132659331937e-08,"STAT1","Up in Influenza"
"ACTN4",1.8933402261047e-12,-0.748256015914957,0.355,0.543,4.41356540107266e-08,"ACTN4","Up in Influenza"
"GRINA",2.54485539181396e-12,-0.705790986437564,0.351,0.482,5.93231240385753e-08,"GRINA","Up in Influenza"
"FOS",2.63517724518358e-12,-1.36482691136604,0.5,0.616,6.14286167624744e-08,"FOS","Up in Influenza"
"LGALS2",2.67922994451956e-12,-1.31983411328853,0.165,0.334,6.24555292366954e-08,"LGALS2","Up in Influenza"
"TMEM173",2.68557535320663e-12,-1.22145529738427,0.214,0.4,6.26034470585997e-08,"TMEM173","Up in Influenza"
"NCKAP1L",2.74997479491559e-12,-0.54628936782881,0.405,0.551,6.41046624442773e-08,"NCKAP1L","Up in Influenza"
"MEGF9",2.782349731722e-12,-1.07339344846951,0.254,0.406,6.48593545961715e-08,"MEGF9","Up in Influenza"
"MPEG1",3.11529689445653e-12,-0.560549026998483,0.319,0.453,7.26206859066762e-08,"MPEG1","Up in Influenza"
"PREX1",3.28477121615581e-12,-0.56507124143348,0.332,0.454,7.65713018198081e-08,"PREX1","Up in Influenza"
"PTAFR",3.33181327594906e-12,-0.914116453455345,0.195,0.332,7.76678992756484e-08,"PTAFR","Up in Influenza"
"PPT1",3.53541227459385e-12,-0.917154197449101,0.335,0.493,8.24139955330572e-08,"PPT1","Up in Influenza"
"TNFSF10",3.65931645453587e-12,-1.01540207953218,0.269,0.467,8.53023258716856e-08,"TNFSF10","Up in Influenza"
"ATP2B1-AS1",3.68668498549085e-12,-1.03434171408144,0.247,0.418,8.59403136967773e-08,"ATP2B1-AS1","Up in Influenza"
"SPTLC2",3.74174762685855e-12,-1.0762299488322,0.228,0.38,8.72238789296997e-08,"SPTLC2","Up in Influenza"
"RPS6KA1",4.01044457536731e-12,-0.982006075253576,0.275,0.459,9.34874734963874e-08,"RPS6KA1","Up in Influenza"
"VAMP8",4.02481222770543e-12,-0.568177828707267,0.587,0.759,9.38223978400414e-08,"VAMP8","Up in Influenza"
"NDUFS2",5.45757262514607e-12,-0.533998779040574,0.274,0.377,1.2722147546478e-07,"NDUFS2","Up in Influenza"
"CRIP1",5.71605063697507e-12,-1.02905267617729,0.415,0.599,1.33246856398526e-07,"CRIP1","Up in Influenza"
"PPP1R18",6.8652906992683e-12,-0.59240519029579,0.445,0.637,1.60036791490643e-07,"PPP1R18","Up in Influenza"
"ITGB7",7.25481702158894e-12,-1.3913167881299,0.197,0.349,1.6911703959026e-07,"ITGB7","Up in Influenza"
"GIMAP7",7.28833830473488e-12,-0.920830768192825,0.271,0.524,1.69898454221675e-07,"GIMAP7","Up in Influenza"
"IFI16",8.1471279424044e-12,-0.805581079030725,0.402,0.592,1.89917699465389e-07,"IFI16","Up in Influenza"
"OSTF1",8.25041918890552e-12,-0.627790449142226,0.434,0.613,1.92325521712577e-07,"OSTF1","Up in Influenza"
"RBM47",8.64652846020467e-12,-1.01690756922693,0.214,0.339,2.01559224935831e-07,"RBM47","Up in Influenza"
"CLU",9.39026843467223e-12,2.22870052790856,0.436,0.315,2.18896547480644e-07,"CLU","Up in Severe COVID"
"TXNDC17",9.46445513062622e-12,-0.611056939397086,0.333,0.494,2.20625913550028e-07,"TXNDC17","Up in Influenza"
"LILRB3",1.12822600174286e-11,-0.854557626070354,0.278,0.419,2.63000763266278e-07,"LILRB3","Up in Influenza"
"C4orf48",1.13037625095955e-11,-0.576287768160661,0.426,0.589,2.63502007861182e-07,"C4orf48","Up in Influenza"
"CD53",1.17749129200569e-11,-0.570639171138944,0.607,0.771,2.74484995079447e-07,"CD53","Up in Influenza"
"LST1",1.20489849119372e-11,-0.566075327503438,0.436,0.589,2.80873887282169e-07,"LST1","Up in Influenza"
"ABRACL",1.27447289856896e-11,-0.655396043502014,0.389,0.552,2.97092377385411e-07,"ABRACL","Up in Influenza"
"KLRD1",1.30653026834464e-11,-1.39205804642721,0.13,0.336,3.04565270853818e-07,"KLRD1","Up in Influenza"
"DUSP1",1.34573560073485e-11,-0.824914537140025,0.641,0.765,3.137044258873e-07,"DUSP1","Up in Influenza"
"AP1S2",1.45509716878114e-11,-0.634135875190273,0.408,0.552,3.39197701014571e-07,"AP1S2","Up in Influenza"
"RGS19",1.57639651884586e-11,-0.690655572294779,0.371,0.534,3.67473792508159e-07,"RGS19","Up in Influenza"
"SUN2",1.63055143542796e-11,-0.573195529351418,0.38,0.502,3.80097845112612e-07,"SUN2","Up in Influenza"
"GLIPR1",1.75727908033047e-11,-0.56616143192249,0.413,0.565,4.09639326415837e-07,"GLIPR1","Up in Influenza"
"CPVL",1.81768514759344e-11,-0.591473742103088,0.263,0.391,4.23720584755507e-07,"CPVL","Up in Influenza"
"TUBA4A",1.99846358835211e-11,2.00873604722767,0.484,0.362,4.65861847080761e-07,"TUBA4A","Up in Severe COVID"
"PSMA5",2.0371700045633e-11,-0.772016737767003,0.337,0.512,4.7488469976375e-07,"PSMA5","Up in Influenza"
"JAML",2.40530342796103e-11,-0.771695351609924,0.291,0.423,5.60700282091997e-07,"JAML","Up in Influenza"
"ATP2B4",2.86562935314787e-11,-1.37255209236714,0.123,0.267,6.68006858512301e-07,"ATP2B4","Up in Influenza"
"TSPAN14",2.88197097571606e-11,-0.795212097801625,0.31,0.485,6.71816254149171e-07,"TSPAN14","Up in Influenza"
"LAP3",3.19250524358666e-11,-1.04258309161061,0.285,0.457,7.44204897332486e-07,"LAP3","Up in Influenza"
"SLC31A2",4.04505409483441e-11,-1.12487207400864,0.162,0.284,9.42942560046849e-07,"SLC31A2","Up in Influenza"
"MTRNR2L12",4.26069496458646e-11,1.44429781408791,0.679,0.589,9.93210603194751e-07,"MTRNR2L12","Up in Severe COVID"
"NEDD8",4.69063739869923e-11,-0.504163541188422,0.584,0.747,1.09343448401078e-06,"NEDD8","Up in Influenza"
"NDUFB2",6.53342388324663e-11,-0.557986953312797,0.516,0.674,1.52300644142362e-06,"NDUFB2","Up in Influenza"
"GUK1",6.57454631078638e-11,-0.564127069366569,0.643,0.803,1.53259249050741e-06,"GUK1","Up in Influenza"
"STK10",7.52049216113753e-11,-0.526318926977154,0.351,0.473,1.75310192768277e-06,"STK10","Up in Influenza"
"APBB1IP",7.61441034336304e-11,-0.910258901614775,0.351,0.53,1.77499519514136e-06,"APBB1IP","Up in Influenza"
"LILRA5",1.21763427529223e-10,-0.590935512786793,0.305,0.443,2.83842725913372e-06,"LILRA5","Up in Influenza"
"FKBP15",1.31410442084062e-10,-1.07543713715668,0.162,0.281,3.06330881542156e-06,"FKBP15","Up in Influenza"
"SRI",1.35374158166902e-10,-0.712966900239551,0.368,0.515,3.15570700102866e-06,"SRI","Up in Influenza"
"SNHG8",1.37648144440844e-10,1.20542925929301,0.463,0.298,3.20871589506052e-06,"SNHG8","Up in Severe COVID"
"PLEC",1.46949195555918e-10,-0.718590841879285,0.277,0.408,3.425532697604e-06,"PLEC","Up in Influenza"
"SEM1",1.63508539691809e-10,-0.57578697607885,0.413,0.576,3.81154756875576e-06,"SEM1","Up in Influenza"
"VPS29",1.63715375329892e-10,-0.542935748033206,0.367,0.512,3.81636911431511e-06,"VPS29","Up in Influenza"
"ZFP36L1",1.69907224876737e-10,-0.507895243070866,0.456,0.56,3.96070731910162e-06,"ZFP36L1","Up in Influenza"
"PDCD6",2.21770667665437e-10,-0.572055213876184,0.363,0.519,5.169696033949e-06,"PDCD6","Up in Influenza"
"THAP11",2.33885368312747e-10,-0.682847867914424,0.147,0.252,5.45210182073844e-06,"THAP11","Up in Influenza"
"CPPED1",2.64561570795058e-10,-0.853631868808944,0.267,0.401,6.16719477680359e-06,"CPPED1","Up in Influenza"
"PGRMC1",2.80478464169551e-10,2.93095206037663,0.274,0.129,6.53823347825639e-06,"PGRMC1","Up in Severe COVID"
"RNPEP",3.1817436854643e-10,-1.00654418292625,0.232,0.367,7.41696270518583e-06,"RNPEP","Up in Influenza"
"METTL7A",3.29682398045606e-10,-1.0292244374377,0.18,0.283,7.68522638084111e-06,"METTL7A","Up in Influenza"
"RASSF4",3.67505757519883e-10,-1.20514488798629,0.157,0.282,8.56692671354598e-06,"RASSF4","Up in Influenza"
"SLC9A3R1",3.75609561893807e-10,-1.12533549879896,0.236,0.421,8.75583449730654e-06,"SLC9A3R1","Up in Influenza"
"FCGR3A",4.71774738145335e-10,-1.34711589948644,0.157,0.343,1.09975409209059e-05,"FCGR3A","Up in Influenza"
"NFIL3",4.84705968690621e-10,-0.682998779142922,0.239,0.373,1.12989808361471e-05,"NFIL3","Up in Influenza"
"IRF2",5.00791802066152e-10,-0.750363499129256,0.193,0.34,1.16739576979641e-05,"IRF2","Up in Influenza"
"RHOB",5.09312667647603e-10,-2.18779788534531,0.124,0.295,1.18725875955333e-05,"RHOB","Up in Influenza"
"CSTA",5.1203614017613e-10,-0.563047398949774,0.346,0.517,1.19360744636458e-05,"CSTA","Up in Influenza"
"CST7",5.22079140708251e-10,-1.24474491040006,0.286,0.473,1.217018684905e-05,"CST7","Up in Influenza"
"LCK",5.38098833335869e-10,-1.54502285615748,0.184,0.358,1.25436219038925e-05,"LCK","Up in Influenza"
"ODC1",6.42651865263439e-10,2.01491076395969,0.41,0.265,1.4980857631156e-05,"ODC1","Up in Severe COVID"
"AOAH",6.48107501903245e-10,-0.517556069938579,0.267,0.376,1.51080339768665e-05,"AOAH","Up in Influenza"
"FCGR1A",6.84690103986468e-10,-1.32967946354861,0.197,0.339,1.59608110140286e-05,"FCGR1A","Up in Influenza"
"RNASE2",7.3868575263799e-10,-0.737573642211522,0.21,0.323,1.72195035797442e-05,"RNASE2","Up in Influenza"
"SECTM1",7.41181959615851e-10,-1.1359038628103,0.145,0.261,1.72776926606051e-05,"SECTM1","Up in Influenza"
"CREB5",7.5436655867857e-10,-1.24723297770622,0.174,0.288,1.75850388493561e-05,"CREB5","Up in Influenza"
"GSDMD",7.6901782650802e-10,-1.22885496851187,0.262,0.455,1.79265745537285e-05,"GSDMD","Up in Influenza"
"HIPK3",8.01782483236958e-10,-0.631888576325408,0.213,0.298,1.86903514667367e-05,"HIPK3","Up in Influenza"
"TNFSF13B",8.12080847068247e-10,-0.623235396784857,0.332,0.489,1.89304166260079e-05,"TNFSF13B","Up in Influenza"
"RPL27A",8.42772949016628e-10,0.710136127030135,0.819,0.897,1.96458802145266e-05,"RPL27A","Up in Severe COVID"
"NLRP3",8.56501786868797e-10,-1.4057802777422,0.206,0.364,1.99659131536985e-05,"NLRP3","Up in Influenza"
"GCA",8.67912798210078e-10,-0.861307189478652,0.346,0.475,2.02319152390751e-05,"GCA","Up in Influenza"
"SLC7A7",9.2106988222547e-10,-0.61527199356202,0.275,0.391,2.14710600245579e-05,"SLC7A7","Up in Influenza"
"FYN",9.36456321873668e-10,-0.528191552523581,0.419,0.611,2.18297333191971e-05,"FYN","Up in Influenza"
"NAGK",9.50569770965823e-10,-0.65196228097349,0.221,0.327,2.21587319309843e-05,"NAGK","Up in Influenza"
"HOPX",9.78289717552035e-10,-1.20427655139918,0.164,0.326,2.28049116058555e-05,"HOPX","Up in Influenza"
"CD99",1.08463603830793e-09,-0.554755935126125,0.645,0.801,2.52839506889962e-05,"CD99","Up in Influenza"
"CTSW",1.15791343144124e-09,-1.1491446897452,0.188,0.358,2.69921200003268e-05,"CTSW","Up in Influenza"
"SQOR",1.20271739185255e-09,-0.677556930168031,0.333,0.476,2.80365451214747e-05,"SQOR","Up in Influenza"
"FCER1G",1.30455331612954e-09,-0.524694773049746,0.531,0.691,3.04104423522957e-05,"FCER1G","Up in Influenza"
"SMAP2",1.40292750787327e-09,-0.517374242597049,0.593,0.698,3.27036431360339e-05,"SMAP2","Up in Influenza"
"FPR2",1.43052029871904e-09,-1.54292143588684,0.116,0.257,3.33468586834396e-05,"FPR2","Up in Influenza"
"VPS35",1.52590803023229e-09,-0.852178092901995,0.259,0.386,3.55704420927448e-05,"VPS35","Up in Influenza"
"ANKRD28",1.82767513053612e-09,-0.689883938356816,0.152,0.292,4.26049349679274e-05,"ANKRD28","Up in Influenza"
"OTULINL",1.88505022460955e-09,-1.0318268999938,0.189,0.306,4.39424057858733e-05,"OTULINL","Up in Influenza"
"IL2RG",1.9756953301188e-09,-1.14386368943745,0.337,0.501,4.60554338403992e-05,"IL2RG","Up in Influenza"
"SVIP",1.97879936608483e-09,2.24088406696645,0.265,0.143,4.61277920228035e-05,"SVIP","Up in Severe COVID"
"SLC8A1",2.06616065606015e-09,-1.45918679717443,0.126,0.253,4.81642710534183e-05,"SLC8A1","Up in Influenza"
"EIF4EBP2",2.18861893043787e-09,-0.54332406951871,0.259,0.361,5.10188958874371e-05,"EIF4EBP2","Up in Influenza"
"PXN",2.25603084319919e-09,-0.737427705474964,0.248,0.381,5.25903349858164e-05,"PXN","Up in Influenza"
"MS4A7",2.63170210249701e-09,-0.844153294266462,0.18,0.281,6.13476077113077e-05,"MS4A7","Up in Influenza"
"NAIP",3.23920893536608e-09,-0.684348208697556,0.252,0.367,7.55091994923187e-05,"NAIP","Up in Influenza"
"TMEM179B",3.40002298065328e-09,-0.706268158493864,0.263,0.399,7.92579357020086e-05,"TMEM179B","Up in Influenza"
"PSMB8",3.64353535938591e-09,-0.758110420262477,0.53,0.69,8.4934452762645e-05,"PSMB8","Up in Influenza"
"MYD88",3.89877997803982e-09,-0.830321576523095,0.247,0.377,9.08844600680863e-05,"MYD88","Up in Influenza"
"TMPO",4.11039524154972e-09,-0.551741950464112,0.27,0.372,9.58174234757654e-05,"TMPO","Up in Influenza"
"PPDPF",4.96330635461492e-09,1.03621438538832,0.775,0.695,0.000115699634432428,"PPDPF","Up in Severe COVID"
"SNX17",5.21732621448501e-09,-0.572983849621022,0.347,0.479,0.00012162109138586,"SNX17","Up in Influenza"
"NFKBIZ",6.03876123467274e-09,-0.740718630503218,0.378,0.515,0.000140769563141456,"NFKBIZ","Up in Influenza"
"TCIRG1",6.84389880356592e-09,-0.670931117853316,0.398,0.557,0.000159538125009925,"TCIRG1","Up in Influenza"
"TMEM165",6.98844622416101e-09,-0.540013581027862,0.326,0.438,0.000162907669931417,"TMEM165","Up in Influenza"
"TNFRSF1A",7.27469154707776e-09,-0.964510569642415,0.222,0.362,0.00016958033465393,"TNFRSF1A","Up in Influenza"
"ATP1B3",8.18816934604939e-09,-0.58865497990038,0.319,0.458,0.000190874415625757,"ATP1B3","Up in Influenza"
"MSRB1",8.98525606045487e-09,-0.700514450720398,0.249,0.372,0.000209455304025263,"MSRB1","Up in Influenza"
"RAB4A",8.98896712293375e-09,1.92912083800528,0.298,0.215,0.000209541812602709,"RAB4A","Up in Severe COVID"
"LRP1",9.06662652029295e-09,-0.548287301032965,0.234,0.316,0.000211352130814549,"LRP1","Up in Influenza"
"CTSC",9.53750355161553e-09,-0.80730924767725,0.422,0.587,0.00022232874529171,"CTSC","Up in Influenza"
"TRBC1",9.78761682399669e-09,-1.3188326559146,0.149,0.323,0.000228159135784187,"TRBC1","Up in Influenza"
"PRDX3",1.08200168291483e-08,-0.558706260439208,0.268,0.388,0.000252225412304276,"PRDX3","Up in Influenza"
"KDM6B",1.12690902071292e-08,1.17868453261511,0.362,0.232,0.000262693761818389,"KDM6B","Up in Severe COVID"
"UBE2D1",1.38402927659062e-08,-0.543987996704552,0.32,0.44,0.000322631064666039,"UBE2D1","Up in Influenza"
"APMAP",1.4241726990765e-08,-0.938505498236156,0.242,0.386,0.000331988897881724,"APMAP","Up in Influenza"
"MINOS1",1.4306183750776e-08,-0.524884517542934,0.414,0.552,0.000333491449414339,"MINOS1","Up in Influenza"
"PICALM",1.44555404600898e-08,-0.517913273064184,0.29,0.374,0.000336973103665154,"PICALM","Up in Influenza"
"EIF1B",1.45532789279987e-08,1.47167975472048,0.58,0.431,0.000339251485090578,"EIF1B","Up in Severe COVID"
"WAS",1.63588275083524e-08,-0.579101900529061,0.433,0.585,0.000381340628047204,"WAS","Up in Influenza"
"OPTN",1.66233523519286e-08,-0.591090939019602,0.219,0.341,0.000387506966675807,"OPTN","Up in Influenza"
"SNX10",1.83950005130608e-08,-0.929379124399155,0.325,0.489,0.000428805856959961,"SNX10","Up in Influenza"
"TNFAIP2",1.95122632770858e-08,-0.765845831169328,0.278,0.421,0.000454850369252148,"TNFAIP2","Up in Influenza"
"ZNF385A",1.95319089131894e-08,-0.54125308517445,0.197,0.271,0.000455308328675359,"ZNF385A","Up in Influenza"
"EIF4E2",2.00430094584757e-08,-0.538165548224227,0.305,0.41,0.000467222593486526,"EIF4E2","Up in Influenza"
"GLG1",2.04084824491411e-08,-0.602365987774457,0.309,0.437,0.000475742134371929,"GLG1","Up in Influenza"
"LYAR",2.08479921665249e-08,-0.605775274718237,0.222,0.375,0.000485987545393861,"LYAR","Up in Influenza"
"LASP1",2.14959876442769e-08,-0.576185331436979,0.282,0.413,0.00050109296797574,"LASP1","Up in Influenza"
"IL27RA",2.34942645938811e-08,-0.759796381030665,0.207,0.318,0.000547674801947962,"IL27RA","Up in Influenza"
"SKIL",2.38180403547299e-08,1.16269876374154,0.279,0.14,0.00055522233870911,"SKIL","Up in Severe COVID"
"GRK2",2.39311915411098e-08,-0.513030919866087,0.471,0.622,0.000557860006014811,"GRK2","Up in Influenza"
"RXRA",2.52918155789291e-08,-0.667978816050695,0.265,0.382,0.000589577512960416,"RXRA","Up in Influenza"
"SIRPA",2.66086322127302e-08,-0.802860270848998,0.203,0.3,0.000620273825510953,"SIRPA","Up in Influenza"
"CCT5",2.94239433990081e-08,-0.554142897956007,0.297,0.427,0.000685901544574278,"CCT5","Up in Influenza"
"CLTC",2.95836734330723e-08,-0.6863379877784,0.303,0.43,0.00068962501139835,"CLTC","Up in Influenza"
"SPON2",2.98540678127345e-08,-1.21840825951731,0.114,0.263,0.000695928174782654,"SPON2","Up in Influenza"
"PIM1",3.02609580805768e-08,-0.51751999907351,0.378,0.518,0.000705413193816326,"PIM1","Up in Influenza"
"ASGR1",3.06073572674208e-08,-0.962801217422402,0.227,0.365,0.000713488105260846,"ASGR1","Up in Influenza"
"PPM1G",3.06487204538739e-08,-0.668863679709075,0.322,0.453,0.000714452322500255,"PPM1G","Up in Influenza"
"NDUFB3",3.18160455017819e-08,-0.566610220555918,0.37,0.528,0.000741663836692038,"NDUFB3","Up in Influenza"
"ERAP2",3.2224963804291e-08,-1.14850227997891,0.168,0.344,0.000751196131241829,"ERAP2","Up in Influenza"
"SPINT2",4.02198769529562e-08,2.11808734604677,0.292,0.164,0.000937565551650361,"SPINT2","Up in Severe COVID"
"CALCOCO2",4.37364874950587e-08,-0.548137917254632,0.278,0.39,0.00101954125999731,"CALCOCO2","Up in Influenza"
"PNPLA6",4.45636514096723e-08,-0.922796165751756,0.18,0.294,0.00103882327801087,"PNPLA6","Up in Influenza"
"RASSF2",4.6237875165631e-08,-0.505967956769688,0.28,0.357,0.00107785110798602,"RASSF2","Up in Influenza"
"PARP9",4.7286147416121e-08,-0.955931432036194,0.192,0.349,0.0011022873824172,"PARP9","Up in Influenza"
"JUN",4.79094719813038e-08,1.54103167942216,0.504,0.359,0.00111681770135617,"JUN","Up in Severe COVID"
"RPN1",4.89530177481649e-08,-0.550453759515889,0.292,0.411,0.00114114379672747,"RPN1","Up in Influenza"
"LMO2",5.12905585690427e-08,-0.700886328387216,0.258,0.381,0.00119563421080295,"LMO2","Up in Influenza"
"FBXW5",5.18759789165727e-08,-0.545243370475077,0.346,0.509,0.00120928094452423,"FBXW5","Up in Influenza"
"CD69",5.20034535886257e-08,1.50830793670057,0.358,0.273,0.00121225250660445,"CD69","Up in Severe COVID"
"TRAC",7.44930559586026e-08,-1.69390457473285,0.178,0.331,0.00173650762745099,"TRAC","Up in Influenza"
"OGFR",7.61500222195477e-08,-0.646939707459668,0.319,0.45,0.00177513316795988,"OGFR","Up in Influenza"
"LILRA2",7.8861085342251e-08,-0.761774805563023,0.2,0.298,0.00183833076041321,"LILRA2","Up in Influenza"
"NOTCH2",8.09536612881198e-08,-0.726759531046142,0.203,0.29,0.00188711079828736,"NOTCH2","Up in Influenza"
"COPZ1",8.41246248665916e-08,-0.562251421608826,0.282,0.407,0.00196102913026512,"COPZ1","Up in Influenza"
"OSCAR",8.54329578316819e-08,-0.724285896015675,0.223,0.329,0.00199152768001434,"OSCAR","Up in Influenza"
"KLF4",8.90270383294818e-08,-0.837791611065614,0.213,0.347,0.00207530929049855,"KLF4","Up in Influenza"
"CITED2",9.0397772754138e-08,-0.767690598617916,0.202,0.308,0.00210726248067171,"CITED2","Up in Influenza"
"FES",9.62744160320892e-08,-0.710620106069361,0.232,0.329,0.00224425291212403,"FES","Up in Influenza"
"NACC2",9.76016247826822e-08,-0.959447252925754,0.189,0.296,0.0022751914753091,"NACC2","Up in Influenza"
"ABI3",9.76817697119764e-08,-1.35860346388096,0.12,0.254,0.00227705973375588,"ABI3","Up in Influenza"
"GNS",1.00387757372848e-07,-0.724909495427816,0.242,0.353,0.00234013901211845,"GNS","Up in Influenza"
"SNX27",1.00887957714994e-07,-0.650409799940886,0.213,0.307,0.00235179918229421,"SNX27","Up in Influenza"
"CD2",1.00897015790589e-07,-1.53878015591826,0.187,0.358,0.00235201033509441,"CD2","Up in Influenza"
"LTB",1.0133397751067e-07,0.965734390182807,0.329,0.226,0.00236219634975123,"LTB","Up in Severe COVID"
"BATF",1.07120884083351e-07,-1.30455827002768,0.125,0.264,0.002497094928867,"BATF","Up in Influenza"
"TRIM8",1.07546317686204e-07,-0.678459041172833,0.29,0.418,0.00250701221158309,"TRIM8","Up in Influenza"
"SELENOW",1.08569188190244e-07,-0.581941440087214,0.464,0.626,0.00253085634590277,"SELENOW","Up in Influenza"
"FLOT2",1.13097362675355e-07,-0.787605075504692,0.266,0.383,0.0026364126213252,"FLOT2","Up in Influenza"
"GAS7",1.17813658143114e-07,-0.724804005328922,0.28,0.407,0.00274635418497413,"GAS7","Up in Influenza"
"TRIOBP",1.2226133211548e-07,-0.657398475855896,0.203,0.302,0.00285003391294395,"TRIOBP","Up in Influenza"
"AZI2",1.2262529925658e-07,-0.586677500961316,0.197,0.261,0.00285851835097013,"AZI2","Up in Influenza"
"NUDT16",1.23415739779481e-07,-0.976615490258522,0.195,0.305,0.00287694430999949,"NUDT16","Up in Influenza"
"TLR4",1.41374769335393e-07,-0.782108418587226,0.194,0.299,0.00329558724797734,"TLR4","Up in Influenza"
"GZMM",1.48518842432619e-07,-0.990455292437487,0.202,0.351,0.00346212273594677,"GZMM","Up in Influenza"
"CMTM3",1.62203005383128e-07,-0.600266448555838,0.232,0.341,0.00378111425848609,"CMTM3","Up in Influenza"
"RPS6KA3",1.66867651130059e-07,-0.713025100303057,0.239,0.344,0.0038898518154928,"RPS6KA3","Up in Influenza"
"DNAJA1",1.80478446984735e-07,-0.558450275293159,0.439,0.579,0.00420713307766115,"DNAJA1","Up in Influenza"
"SLC2A6",1.80682837715841e-07,-1.19364387811898,0.16,0.281,0.00421189762999398,"SLC2A6","Up in Influenza"
"LIMS1",1.84965267110689e-07,2.37505602035917,0.51,0.395,0.00431172534161727,"LIMS1","Up in Severe COVID"
"PPM1M",1.95963137557391e-07,-0.783175880017157,0.179,0.27,0.00456809669960034,"PPM1M","Up in Influenza"
"CCT3",1.97149088728575e-07,-0.701753369935514,0.305,0.425,0.00459574240735181,"CCT3","Up in Influenza"
"ATP6V1B2",2.06297854888155e-07,-0.606595066042369,0.266,0.393,0.00480900929529777,"ATP6V1B2","Up in Influenza"
"LPXN",2.20904380256574e-07,-0.804075658972511,0.169,0.266,0.00514950200816099,"LPXN","Up in Influenza"
"FAM111A",2.23734770806935e-07,-0.869494873399476,0.18,0.289,0.00521548124228047,"FAM111A","Up in Influenza"
"DAP",2.24026327785961e-07,2.1357549153115,0.324,0.214,0.00522227772701855,"DAP","Up in Severe COVID"
"CTNNA1",2.33653310605606e-07,-0.777466243383299,0.221,0.349,0.00544669232352728,"CTNNA1","Up in Influenza"
"PRKCD",2.3372206799774e-07,-0.802801279026638,0.204,0.329,0.00544829512709532,"PRKCD","Up in Influenza"
"PRCP",2.55763408346376e-07,-0.798830290725208,0.189,0.284,0.00596210081196237,"PRCP","Up in Influenza"
"ETHE1",2.76164935193417e-07,-0.623260845992598,0.272,0.365,0.00643768080429375,"ETHE1","Up in Influenza"
"MBOAT7",2.79921083272219e-07,-0.811277088285672,0.23,0.346,0.0065252403721587,"MBOAT7","Up in Influenza"
"USB1",2.80289162863421e-07,-0.843342062487219,0.168,0.263,0.00653382067550921,"USB1","Up in Influenza"
"CYTH4",2.94960960114261e-07,-0.682507921755188,0.293,0.414,0.00687583494122353,"CYTH4","Up in Influenza"
"CRTAP",2.97598910135751e-07,-0.556973214345146,0.263,0.35,0.00693732819417449,"CRTAP","Up in Influenza"
"MTIF3",3.1225577309148e-07,-0.712647760540998,0.218,0.32,0.00727899432653549,"MTIF3","Up in Influenza"
"DCAF7",3.262648124069e-07,-0.829327115777041,0.173,0.283,0.00760555904201725,"DCAF7","Up in Influenza"
"NCK2",3.29884956287451e-07,1.86304781987459,0.326,0.205,0.00768994821601678,"NCK2","Up in Severe COVID"
"EIF4E3",3.46740194414884e-07,-0.626237581305725,0.204,0.296,0.00808286067200535,"EIF4E3","Up in Influenza"
"PAK2",3.50458352521747e-07,-0.60586764286041,0.451,0.604,0.00816953465563443,"PAK2","Up in Influenza"
"LAIR1",3.80802081672096e-07,-0.828129479394922,0.222,0.341,0.00887687732585822,"LAIR1","Up in Influenza"
"YPEL5",4.01287197600539e-07,0.902935000100902,0.584,0.474,0.00935440586326616,"YPEL5","Up in Severe COVID"
"ANXA4",4.03439619466125e-07,-0.782044507787096,0.23,0.355,0.00940458096937483,"ANXA4","Up in Influenza"
"EIF6",4.20574512432966e-07,-0.674667563159206,0.313,0.435,0.00980401245932487,"EIF6","Up in Influenza"
"NDUFA6",4.59875241318738e-07,1.23684500989399,0.452,0.423,0.0107201517503811,"NDUFA6","Up in Severe COVID"
"SYK",4.60533353775704e-07,-0.568569911917515,0.323,0.418,0.0107354930098654,"SYK","Up in Influenza"
"RNF167",4.80990058916396e-07,-0.960751398929464,0.211,0.367,0.0112123592634001,"RNF167","Up in Influenza"
"COA3",5.0297971947135e-07,-0.926941408410402,0.182,0.307,0.0117249602405966,"COA3","Up in Influenza"
"CCDC59",5.03386324858342e-07,0.674207102162704,0.439,0.323,0.0117344386187728,"CCDC59","Up in Severe COVID"
"SPG11",5.03403951391927e-07,-0.690107115085807,0.186,0.259,0.0117348495108972,"SPG11","Up in Influenza"
"PRKCH",5.38715156184272e-07,-0.941738328113557,0.145,0.256,0.0125579890058116,"PRKCH","Up in Influenza"
"UQCRC1",5.4061983224077e-07,-0.60668311734399,0.335,0.466,0.0126023889093646,"UQCRC1","Up in Influenza"
"CDC26",5.61456241490824e-07,-0.621725499141176,0.208,0.316,0.0130881064453926,"CDC26","Up in Influenza"
"SKAP1",6.41571009153082e-07,-1.07372878048125,0.186,0.312,0.0149556617943675,"SKAP1","Up in Influenza"
"RGS10",6.88898983936799e-07,2.31795657396218,0.597,0.538,0.0160589242145507,"RGS10","Up in Severe COVID"
"COPB2",7.09481648463271e-07,-0.862466511430038,0.165,0.282,0.0165387267073273,"COPB2","Up in Influenza"
"ITGAL",7.20506739054922e-07,-0.724010474783785,0.279,0.426,0.0167957325941093,"ITGAL","Up in Influenza"
"GNAS",7.69358663539108e-07,0.963797265480546,0.888,0.872,0.0179345198057601,"GNAS","Up in Severe COVID"
"TAF1D",7.85046088039976e-07,1.04576018007236,0.486,0.33,0.0183002093582999,"TAF1D","Up in Severe COVID"
"SNHG7",8.1554741457034e-07,1.15558145245976,0.435,0.308,0.0190112257810492,"SNHG7","Up in Severe COVID"
"AKR1A1",8.15767761242033e-07,-0.850377111137764,0.284,0.418,0.019016362282313,"AKR1A1","Up in Influenza"
"ENTPD1",8.27349089635687e-07,-0.770123581815382,0.203,0.279,0.0192863346284975,"ENTPD1","Up in Influenza"
"HCK",8.59202316129168e-07,-0.568183154800486,0.309,0.432,0.020028865191287,"HCK","Up in Influenza"
"SHISA5",8.64035055425549e-07,-0.629997572301221,0.337,0.478,0.020141521177025,"SHISA5","Up in Influenza"
"TSTD1",8.69182770367965e-07,0.808098119715895,0.289,0.192,0.0202615195600476,"TSTD1","Up in Severe COVID"
"NFKBID",8.83419462662283e-07,1.50960363190253,0.286,0.162,0.0205933910941205,"NFKBID","Up in Severe COVID"
"EMILIN2",9.09234835959789e-07,-0.547826251772293,0.239,0.338,0.0211951732610586,"EMILIN2","Up in Influenza"
"PSMB2",9.16188215671779e-07,-0.60944466680949,0.379,0.532,0.0213572634955248,"PSMB2","Up in Influenza"
"CYBC1",9.35451420194176e-07,-0.656631783034799,0.299,0.418,0.0218063080561464,"CYBC1","Up in Influenza"
"EFR3A",9.47075425031675e-07,-0.525640306317962,0.185,0.252,0.0220772752329134,"EFR3A","Up in Influenza"
"AC004687.1",9.82274629698567e-07,-1.02560710739965,0.161,0.273,0.0228978038929033,"AC004687.1","Up in Influenza"
"RBBP6",1.04011500623574e-06,1.22822332945349,0.478,0.365,0.0242461209103613,"RBBP6","Up in Severe COVID"
"CTBP1",1.09045308452136e-06,-0.506190570382609,0.268,0.35,0.0254195518532775,"CTBP1","Up in Influenza"
"AGPAT3",1.15480220576004e-06,-0.821466404184235,0.177,0.273,0.0269195942184722,"AGPAT3","Up in Influenza"
"ETFA",1.17445526243783e-06,2.00052540353138,0.329,0.264,0.0273777266226883,"ETFA","Up in Severe COVID"
"MAP7D1",1.19228283471333e-06,-0.534088229771484,0.275,0.369,0.0277933051600024,"MAP7D1","Up in Influenza"
"ATG3",1.21499053496411e-06,-0.604092156723516,0.335,0.46,0.0283226443605483,"ATG3","Up in Influenza"
"PRDM1",1.21591283529787e-06,-0.919033817574603,0.189,0.337,0.0283441441036287,"PRDM1","Up in Influenza"
"NDUFAB1",1.23142076271381e-06,-0.564821702929316,0.379,0.513,0.0287056493996217,"NDUFAB1","Up in Influenza"
"ANKRD44",1.25811951670806e-06,-0.567963671364042,0.375,0.51,0.0293280240539815,"ANKRD44","Up in Influenza"
"TBCB",1.31174966974001e-06,-0.543341504368866,0.384,0.525,0.0305781965513093,"TBCB","Up in Influenza"
"DUSP23",1.33988657027956e-06,-0.764098345517458,0.174,0.279,0.0312340958397867,"DUSP23","Up in Influenza"
"IMPDH1",1.38990392885985e-06,-0.672905054998426,0.264,0.386,0.032400050485652,"IMPDH1","Up in Influenza"
"CALR",1.42236892397001e-06,-0.710323298203972,0.542,0.662,0.0331568419866648,"CALR","Up in Influenza"
"LILRB1",1.60088054734195e-06,-1.06941925604574,0.196,0.339,0.0373181264390883,"LILRB1","Up in Influenza"
"HSP90AA1",1.60493239570583e-06,-0.646604613621182,0.761,0.873,0.0374125790762987,"HSP90AA1","Up in Influenza"
"SNN",1.64180005056083e-06,1.42758855057026,0.281,0.184,0.0382720009786235,"SNN","Up in Severe COVID"
"IFI35",1.64823605603754e-06,-0.879773581394108,0.245,0.4,0.0384220307022911,"IFI35","Up in Influenza"
"S1PR4",1.66397732116192e-06,-0.554031213228577,0.269,0.363,0.0387889753336055,"S1PR4","Up in Influenza"
"FAM45A",1.68653947143448e-06,-0.578642397717397,0.226,0.315,0.0393149216186093,"FAM45A","Up in Influenza"
"NFAM1",1.76613888803223e-06,-0.864940038908511,0.181,0.277,0.0411704636189193,"NFAM1","Up in Influenza"
"PSMB10",1.80894667614794e-06,-0.598063839432305,0.407,0.532,0.0421683559676846,"PSMB10","Up in Influenza"
"CCDC124",1.86647892545031e-06,-0.620804011060515,0.243,0.328,0.0435094902311722,"CCDC124","Up in Influenza"
"MSL3",1.89998678112744e-06,-0.511654872843027,0.217,0.295,0.0442905918548617,"MSL3","Up in Influenza"
"RBM38",1.90557238886467e-06,0.909264538781884,0.431,0.293,0.0444207979568243,"RBM38","Up in Severe COVID"
"C7orf50",1.99920088241549e-06,1.15316932759132,0.328,0.211,0.0466033717699874,"C7orf50","Up in Severe COVID"
"DOCK2",2.16459355362733e-06,-0.50879536769508,0.346,0.445,0.0504588403286068,"DOCK2","Up in Influenza"
"OSER1",2.24291534119367e-06,1.02186634338629,0.353,0.201,0.0522845995185657,"OSER1","Up in Severe COVID"
"RASAL3",2.35272687520655e-06,-0.919244165635816,0.175,0.281,0.05484441618794,"RASAL3","Up in Influenza"
"HMOX2",2.41233535157226e-06,-0.976267394691917,0.167,0.263,0.0562339493805009,"HMOX2","Up in Influenza"
"CCT6A",2.43328531964624e-06,-0.555922375429185,0.305,0.417,0.0567223140862734,"CCT6A","Up in Influenza"
"TM9SF2",2.7102609668787e-06,-0.506662349008508,0.316,0.412,0.0631788933989093,"TM9SF2","Up in Influenza"
"BAG6",2.82810752509422e-06,-0.583949988697059,0.233,0.32,0.0659260145174714,"BAG6","Up in Influenza"
"CLEC12A",3.35980215066719e-06,-0.773648843453107,0.26,0.355,0.0783203479342029,"CLEC12A","Up in Influenza"
"AP3D1",3.3654233608263e-06,-0.679924165276624,0.197,0.285,0.0784513839642218,"AP3D1","Up in Influenza"
"PIK3IP1",3.42159715826449e-06,0.925835222104735,0.368,0.251,0.0797608513563035,"PIK3IP1","Up in Severe COVID"
"NBEAL2",3.47655446243375e-06,-0.772618645757232,0.231,0.366,0.0810419610737932,"NBEAL2","Up in Influenza"
"ADCY7",3.72118520154456e-06,-0.770078514930965,0.201,0.311,0.0867445482332052,"ADCY7","Up in Influenza"
"EPB41L4A-AS1",3.73099294007172e-06,0.880432530487553,0.32,0.196,0.086973176426012,"EPB41L4A-AS1","Up in Severe COVID"
"SF3B4",3.82134632483606e-06,-0.574854476406804,0.218,0.297,0.0890794041782534,"SF3B4","Up in Influenza"
"CAT",3.82289573541784e-06,-0.557889706758063,0.285,0.366,0.0891155224883252,"CAT","Up in Influenza"
"CXCR4",4.03953845314127e-06,1.22036797847636,0.626,0.595,0.0941656808811761,"CXCR4","Up in Severe COVID"
"NDUFA12",4.1152445862432e-06,-0.638260537944508,0.44,0.581,0.0959304665499153,"NDUFA12","Up in Influenza"
"CD3D",4.13977765695441e-06,-0.890183786291974,0.193,0.32,0.0965023569612644,"CD3D","Up in Influenza"
"NUDT5",4.26596828918226e-06,-0.869099836909176,0.179,0.289,0.0994439867891276,"NUDT5","Up in Influenza"
"TAP2",4.28729320976605e-06,-0.981900706571317,0.174,0.3,0.0999410920128564,"TAP2","Up in Influenza"
"STAT2",4.72703440469705e-06,-0.744833750165735,0.224,0.345,0.110191899007893,"STAT2","Up in Influenza"
"MAD1L1",4.74529795432285e-06,-1.31259314027301,0.144,0.281,0.11061764061322,"MAD1L1","Up in Influenza"
"HMOX1",5.06968456924604e-06,-0.810291758512864,0.192,0.276,0.118179416993694,"HMOX1","Up in Influenza"
"SASH3",5.39584159894072e-06,-0.517799093480564,0.315,0.417,0.125782463512907,"SASH3","Up in Influenza"
"RASSF3",5.57506100522566e-06,-0.63751965698997,0.243,0.327,0.129960247092815,"RASSF3","Up in Influenza"
"IGF2R",5.60837748092444e-06,-0.5399693424591,0.247,0.34,0.13073688745783,"IGF2R","Up in Influenza"
"TYK2",5.78925535384074e-06,-1.00101035188772,0.155,0.252,0.134953331553381,"TYK2","Up in Influenza"
"ODF3B",5.97290856793765e-06,-0.553939452081192,0.209,0.289,0.139234471627195,"ODF3B","Up in Influenza"
"OSBPL8",6.11165476073695e-06,-0.533812653704399,0.364,0.479,0.142468784127539,"OSBPL8","Up in Influenza"
"SAMD9L",6.38735008048453e-06,-1.06878204888912,0.158,0.322,0.148895517726175,"SAMD9L","Up in Influenza"
"SLC15A4",6.39817231164479e-06,-0.541351246303425,0.18,0.257,0.149147794756752,"SLC15A4","Up in Influenza"
"PTRHD1",6.79447340815846e-06,-0.551789544043995,0.274,0.358,0.158385969617582,"PTRHD1","Up in Influenza"
"BAZ1A",7.23372275868997e-06,-0.566673815709127,0.379,0.512,0.168625311227822,"BAZ1A","Up in Influenza"
"RPS18",7.30800546390843e-06,0.673053017636655,0.849,0.945,0.170356915369169,"RPS18","Up in Severe COVID"
"ARHGAP9",7.45340296520021e-06,-0.539771632252711,0.297,0.403,0.173746276521782,"ARHGAP9","Up in Influenza"
"MTX1",7.48268182137705e-06,-0.675981567349031,0.212,0.295,0.17442879593812,"MTX1","Up in Influenza"
"ANXA6",7.97049147264485e-06,-0.745541631914274,0.4,0.554,0.185800126718824,"ANXA6","Up in Influenza"
"SLC38A10",8.09917678330203e-06,-0.699080295981654,0.243,0.355,0.188799909995554,"SLC38A10","Up in Influenza"
"LYPLA2",8.11244325213583e-06,-0.548574856974644,0.191,0.264,0.189109164650538,"LYPLA2","Up in Influenza"
"C6orf48",8.12852789998411e-06,1.02277283074734,0.359,0.233,0.18948411387653,"C6orf48","Up in Severe COVID"
"IRS2",8.19240404854502e-06,-0.558391910900271,0.327,0.426,0.190973130775633,"IRS2","Up in Influenza"
"ANKRD13A",8.75564628711437e-06,-0.611829165935852,0.231,0.31,0.204102870598923,"ANKRD13A","Up in Influenza"
"ATF4",9.02593101367996e-06,1.0374891159683,0.568,0.447,0.210403477859893,"ATF4","Up in Severe COVID"
"SNF8",9.05238356376667e-06,-0.513561725391985,0.358,0.465,0.211020113254965,"SNF8","Up in Influenza"
"ZDHHC20",1.06341950976552e-05,-0.503430714791513,0.262,0.342,0.247893721921439,"ZDHHC20","Up in Influenza"
"AGPAT2",1.12737819375428e-05,-0.558021065213669,0.228,0.311,0.262803130746059,"AGPAT2","Up in Influenza"
"OTUD1",1.13233884797112e-05,-0.808866169398905,0.237,0.327,0.263959508850548,"OTUD1","Up in Influenza"
"THUMPD3-AS1",1.16572509998737e-05,0.811772326491078,0.348,0.231,0.271742178058056,"THUMPD3-AS1","Up in Severe COVID"
"HDAC1",1.25275131052954e-05,-0.542367122564855,0.276,0.384,0.292028857997541,"HDAC1","Up in Influenza"
"DYNC1I2",1.33298850675502e-05,-0.778448402791824,0.205,0.319,0.310732950809663,"DYNC1I2","Up in Influenza"
"CPNE1",1.40642579908366e-05,-0.572874224025682,0.242,0.346,0.327851918024393,"CPNE1","Up in Influenza"
"DGKZ",1.46746578730067e-05,-0.518722189737661,0.313,0.429,0.34208094967766,"DGKZ","Up in Influenza"
"RHOH",1.50399914346852e-05,0.85861667476488,0.276,0.188,0.350597240333946,"RHOH","Up in Severe COVID"
"ADAM8",1.50519594671541e-05,-0.700512686102657,0.207,0.296,0.350876227138829,"ADAM8","Up in Influenza"
"PPP1R9B",1.5624541707092e-05,-0.570108555288759,0.205,0.275,0.364223691734023,"PPP1R9B","Up in Influenza"
"ISCA1",1.58934041983537e-05,1.73549792453619,0.328,0.214,0.370491145267823,"ISCA1","Up in Severe COVID"
"ZNF24",1.6672223146735e-05,0.742896198462309,0.331,0.246,0.38864619377354,"ZNF24","Up in Severe COVID"
"GPX4",1.67925466250262e-05,1.30996765762445,0.74,0.691,0.391451054375986,"GPX4","Up in Severe COVID"
"RBL2",1.76532272617933e-05,-0.60593704522168,0.23,0.317,0.411514380699663,"RBL2","Up in Influenza"
"DEF6",1.91177382362997e-05,-0.595829291161638,0.225,0.3,0.445653596026382,"DEF6","Up in Influenza"
"SPN",2.00296238376833e-05,-1.07958182559002,0.197,0.348,0.466910561280236,"SPN","Up in Influenza"
"NFE2L2",2.14731879499895e-05,1.12525667156484,0.432,0.28,0.500561484302205,"NFE2L2","Up in Severe COVID"
"SLC25A24",2.18818381178849e-05,-0.809531021786585,0.172,0.261,0.510087528366015,"SLC25A24","Up in Influenza"
"PLXNB2",2.29775888167549e-05,-0.803980370866334,0.171,0.256,0.535630572907374,"PLXNB2","Up in Influenza"
"CD82",2.30441956349513e-05,1.10177852606619,0.289,0.186,0.537183244446349,"CD82","Up in Severe COVID"
"MRPS6",2.42401337369953e-05,-0.952713075066068,0.19,0.334,0.565061757543097,"MRPS6","Up in Influenza"
"HMGN3",2.53462006504559e-05,-0.604241552841631,0.349,0.475,0.590845283362778,"HMGN3","Up in Influenza"
"CENPC",2.59612673275419e-05,0.606092913213082,0.272,0.181,0.605183102672328,"CENPC","Up in Severe COVID"
"MTCH2",2.65294118181274e-05,-0.693264172488407,0.172,0.265,0.618427118892368,"MTCH2","Up in Influenza"
"OTUB1",2.72005572176936e-05,-0.592791090002276,0.331,0.449,0.634072189301654,"OTUB1","Up in Influenza"
"BAZ2B",2.78979365468794e-05,-0.646201749875439,0.227,0.304,0.650328798844306,"BAZ2B","Up in Influenza"
"TNFAIP3",2.79463488990491e-05,-0.568324602325742,0.511,0.653,0.651457339185733,"TNFAIP3","Up in Influenza"
"PMAIP1",2.8160511866341e-05,1.36651443513089,0.268,0.173,0.656449692116275,"PMAIP1","Up in Severe COVID"
"PHACTR1",2.84921328639059e-05,1.32343273295495,0.258,0.145,0.664180109190509,"PHACTR1","Up in Severe COVID"
"CBR1",2.9457331936808e-05,-0.783801438589879,0.156,0.251,0.686679864778932,"CBR1","Up in Influenza"
"CD247",3.08076052596267e-05,-0.607928432701889,0.205,0.332,0.718156086207157,"CD247","Up in Influenza"
"PHPT1",3.24624284797451e-05,-0.629053700906318,0.308,0.437,0.756731670291337,"PHPT1","Up in Influenza"
"ALOX5",3.27554199767737e-05,-0.630573565916908,0.25,0.328,0.763561595078573,"ALOX5","Up in Influenza"
"TNFSF12",3.28352614876724e-05,-0.696987948933772,0.23,0.339,0.765422780539131,"TNFSF12","Up in Influenza"
"SLC25A39",3.37594407789384e-05,-0.53126185501428,0.217,0.276,0.786966323997834,"SLC25A39","Up in Influenza"
"DYSF",3.49779260299771e-05,-0.938965526337691,0.165,0.252,0.815370433684797,"DYSF","Up in Influenza"
"FBXO6",3.78761789039669e-05,-1.10987627167469,0.156,0.267,0.882931606430372,"FBXO6","Up in Influenza"
"SMCO4",3.8830205893737e-05,-1.20354050924321,0.157,0.279,0.905170929588903,"SMCO4","Up in Influenza"
"IMP3",4.03194782436321e-05,-0.682185698027368,0.221,0.326,0.939887357337307,"IMP3","Up in Influenza"
"RABL6",4.08434509519562e-05,-0.660925486319108,0.236,0.346,0.952101685141052,"RABL6","Up in Influenza"
"ARID1A",4.14115965493339e-05,-0.56445613370936,0.316,0.423,0.965345727161522,"ARID1A","Up in Influenza"
"DGCR6L",4.17194036094474e-05,-0.693054596241713,0.193,0.281,0.972521017539828,"DGCR6L","Up in Influenza"
"GM2A",4.51320481161782e-05,-0.546836714575986,0.217,0.277,1,"GM2A","Up in Influenza"
"PARVB",4.75469032941766e-05,2.3614899826804,0.257,0.173,1,"PARVB","Up in Severe COVID"
"SLC16A3",5.08991179683336e-05,-0.818997022889628,0.245,0.37,1,"SLC16A3","Up in Influenza"
"RAB27A",5.29967239004429e-05,-0.753788259260381,0.298,0.454,1,"RAB27A","Up in Influenza"
"SNHG9",5.58826048308028e-05,1.06550164175736,0.315,0.184,1,"SNHG9","Up in Severe COVID"
"NFE2",5.60578572314579e-05,0.541176311680913,0.167,0.264,1,"NFE2","Up in Severe COVID"
"UBA1",5.62854208568549e-05,-0.54854757199418,0.212,0.294,1,"UBA1","Up in Influenza"
"JOSD2",5.66007120071595e-05,-0.717036510822696,0.208,0.318,1,"JOSD2","Up in Influenza"
"MAT2B",5.66339144011135e-05,-0.911320141512548,0.182,0.309,1,"MAT2B","Up in Influenza"
"EPRS",6.50073236310241e-05,-0.681446657482933,0.194,0.279,1,"EPRS","Up in Influenza"
"STAT6",6.54484879834479e-05,-0.542509377164472,0.278,0.358,1,"STAT6","Up in Influenza"
"WNK1",7.18713174574953e-05,-0.627602276673475,0.353,0.493,1,"WNK1","Up in Influenza"
"AC007952.4",7.51128920675137e-05,-0.743522371657731,0.242,0.317,1,"AC007952.4","Up in Influenza"
"STK17A",7.57488719018865e-05,0.581144127255376,0.415,0.32,1,"STK17A","Up in Severe COVID"
"PAXX",7.95338231628871e-05,-0.555922175762756,0.353,0.447,1,"PAXX","Up in Influenza"
"ITGB1BP1",8.4203716586273e-05,-0.865635581634899,0.21,0.331,1,"ITGB1BP1","Up in Influenza"
"BLVRA",8.62075352710433e-05,-0.548193625078123,0.25,0.368,1,"BLVRA","Up in Influenza"
"DOCK8",9.84755501527893e-05,-0.700935157772009,0.419,0.573,1,"DOCK8","Up in Influenza"
"TEX264",9.89133376594483e-05,-0.766892987407848,0.223,0.335,1,"TEX264","Up in Influenza"
"COL4A3BP",0.000102592311708155,-0.508613844933123,0.264,0.334,1,"COL4A3BP","Up in Influenza"
"CXCL8",0.000105848613220715,0.653656243636807,0.264,0.357,1,"CXCL8","Up in Severe COVID"
"PIK3AP1",0.000109124233770339,-0.77450320651377,0.217,0.313,1,"PIK3AP1","Up in Influenza"
"EXOSC6",0.000112116987223818,0.50008324000558,0.307,0.214,1,"EXOSC6","Up in Severe COVID"
"CD3E",0.00011875340423919,-0.898098092341517,0.223,0.349,1,"CD3E","Up in Influenza"
"ZAP70",0.000119913908995573,-0.883268043491218,0.151,0.265,1,"ZAP70","Up in Influenza"
"RGS18",0.000120435689127404,3.45838140191673,0.289,0.192,1,"RGS18","Up in Severe COVID"
"DTX3L",0.000122114559709455,-0.76097408554313,0.168,0.267,1,"DTX3L","Up in Influenza"
"GSK3A",0.000122865604669707,-0.553916464406799,0.196,0.283,1,"GSK3A","Up in Influenza"
"POLR3GL",0.000123109874363702,-0.578920810957177,0.281,0.392,1,"POLR3GL","Up in Influenza"
"PAIP2",0.000127994025004976,0.861672996146395,0.585,0.52,1,"PAIP2","Up in Severe COVID"
"CNDP2",0.000136710093397548,-0.757936601303286,0.224,0.338,1,"CNDP2","Up in Influenza"
"TLK1",0.000147077860758757,1.52068571383475,0.306,0.226,1,"TLK1","Up in Severe COVID"
"SQSTM1",0.000152281167604179,0.975643547569271,0.647,0.574,1,"SQSTM1","Up in Severe COVID"
"OAS1",0.000152459559265291,-0.739868781560177,0.186,0.311,1,"OAS1","Up in Influenza"
"DDX60L",0.000152548403798176,-0.674820711793808,0.171,0.274,1,"DDX60L","Up in Influenza"
"MDH1",0.000153537871472512,-0.539380545272521,0.286,0.379,1,"MDH1","Up in Influenza"
"SMC1A",0.000163478983828235,-0.662444811133562,0.199,0.294,1,"SMC1A","Up in Influenza"
"CISD3",0.000165719707850556,-0.903275478725432,0.179,0.286,1,"CISD3","Up in Influenza"
"CTBP2",0.000167451068891863,-1.03094033494735,0.148,0.258,1,"CTBP2","Up in Influenza"
"ATP2A3",0.000179040340353149,1.33019137619735,0.295,0.208,1,"ATP2A3","Up in Severe COVID"
"ACIN1",0.000180549494284416,-0.521165090574599,0.227,0.311,1,"ACIN1","Up in Influenza"
"RETREG2",0.000181748682320215,-0.571454078503211,0.193,0.276,1,"RETREG2","Up in Influenza"
"UBR2",0.000212144858969648,-0.509270403205316,0.202,0.272,1,"UBR2","Up in Influenza"
"PDIA6",0.000216221162319734,-0.551980487700098,0.376,0.518,1,"PDIA6","Up in Influenza"
"ARRDC1",0.000218807904444481,-0.686686433114203,0.223,0.32,1,"ARRDC1","Up in Influenza"
"AKIRIN1",0.000219747017775944,0.795763279894361,0.34,0.277,1,"AKIRIN1","Up in Severe COVID"
"RNF187",0.000226965519129189,-0.533965596121128,0.215,0.295,1,"RNF187","Up in Influenza"
"SARS",0.000227960600550482,-0.61191619476325,0.199,0.283,1,"SARS","Up in Influenza"
"PPIF",0.000230811015934345,1.44961530586329,0.342,0.222,1,"PPIF","Up in Severe COVID"
"SOCS3",0.000232481472089421,-0.858800458148502,0.267,0.365,1,"SOCS3","Up in Influenza"
"LPCAT1",0.000234862331381408,-0.789704064888309,0.184,0.307,1,"LPCAT1","Up in Influenza"
"KLHL24",0.000247994035410692,0.84203378698951,0.28,0.171,1,"KLHL24","Up in Severe COVID"
"ELF1",0.000248647982234232,1.07832996099387,0.602,0.496,1,"ELF1","Up in Severe COVID"
"TUT4",0.000251039230508921,0.655379147696231,0.267,0.187,1,"TUT4","Up in Severe COVID"
"SLC25A37",0.000254020998104973,-0.647002894520092,0.424,0.476,1,"SLC25A37","Up in Influenza"
"PSMA4",0.000263698256935866,-0.614046081144662,0.414,0.56,1,"PSMA4","Up in Influenza"
"COMMD8",0.000264470775693271,-0.695338680108965,0.22,0.31,1,"COMMD8","Up in Influenza"
"DOCK11",0.000269236168951933,-0.641008270659189,0.195,0.292,1,"DOCK11","Up in Influenza"
"TESC",0.000297795786276893,-0.552600407835631,0.248,0.352,1,"TESC","Up in Influenza"
"PEPD",0.000316696985706478,-0.550681148939199,0.251,0.347,1,"PEPD","Up in Influenza"
"APOBEC3G",0.00033902118650127,-0.973654970988405,0.239,0.367,1,"APOBEC3G","Up in Influenza"
"AHCYL1",0.000354215599907944,-0.53878480781881,0.186,0.261,1,"AHCYL1","Up in Influenza"
"NFATC3",0.000358977615069109,-0.773523805581955,0.205,0.315,1,"NFATC3","Up in Influenza"
"KIAA2013",0.0003645362570763,-0.595629769347993,0.208,0.294,1,"KIAA2013","Up in Influenza"
"KRR1",0.000377758633190741,0.573484374378305,0.31,0.218,1,"KRR1","Up in Severe COVID"
"BUB3",0.000387483143930226,-0.549259916230982,0.281,0.364,1,"BUB3","Up in Influenza"
"THBS1",0.000412545320218987,0.506883687644738,0.221,0.305,1,"THBS1","Up in Severe COVID"
"PLCB2",0.000429714222708157,-0.751187839387795,0.183,0.27,1,"PLCB2","Up in Influenza"
"FRAT2",0.000516076277682376,-0.52892066368831,0.2,0.266,1,"FRAT2","Up in Influenza"
"PQLC3",0.000516155031425858,-0.982971482889384,0.171,0.289,1,"PQLC3","Up in Influenza"
"ATP6V1A",0.000531206802585119,-0.681577259737201,0.205,0.3,1,"ATP6V1A","Up in Influenza"
"LSM2",0.00057396398274628,-0.506561682349989,0.256,0.338,1,"LSM2","Up in Influenza"
"ITM2B",0.000576230628661703,0.807360860063333,0.889,0.905,1,"ITM2B","Up in Severe COVID"
"CLPTM1L",0.000582177721433236,-0.561735395939829,0.214,0.312,1,"CLPTM1L","Up in Influenza"
"CNPY2",0.00058328329029894,-0.536732822780563,0.246,0.328,1,"CNPY2","Up in Influenza"
"TRAF3IP3",0.000583747769113478,-0.673406403585979,0.35,0.458,1,"TRAF3IP3","Up in Influenza"
"UQCRH",0.000597954276987997,0.617725599853388,0.793,0.794,1,"UQCRH","Up in Severe COVID"
"UBALD2",0.000609727842237767,0.527392226008464,0.623,0.574,1,"UBALD2","Up in Severe COVID"
"MAP3K11",0.000614145882944066,-0.629850117251317,0.206,0.289,1,"MAP3K11","Up in Influenza"
"TIMP1",0.000616545253086155,1.21779251516533,0.591,0.56,1,"TIMP1","Up in Severe COVID"
"CACYBP",0.000698110304643417,-0.512023039701158,0.265,0.353,1,"CACYBP","Up in Influenza"
"MEAF6",0.000741411493081572,-0.542586603423287,0.282,0.376,1,"MEAF6","Up in Influenza"
"PSMD1",0.000781462308648064,-0.808006360330155,0.192,0.294,1,"PSMD1","Up in Influenza"
"DNAJC5",0.000781707888605176,-0.539169637446198,0.224,0.296,1,"DNAJC5","Up in Influenza"
"ZNF644",0.000786427410734029,0.651617789912082,0.268,0.179,1,"ZNF644","Up in Severe COVID"
"ERO1A",0.000788042294473846,-0.504296451917338,0.223,0.291,1,"ERO1A","Up in Influenza"
"MFSD10",0.00079860729969782,-0.547247573514095,0.33,0.432,1,"MFSD10","Up in Influenza"
"MT1F",0.000926050650149492,-0.641517712491825,0.18,0.257,1,"MT1F","Up in Influenza"
"GTF2B",0.000952913844001393,0.861540323393402,0.322,0.224,1,"GTF2B","Up in Severe COVID"
"CD33",0.000961117265265022,-0.529422673542856,0.211,0.279,1,"CD33","Up in Influenza"
"MCEMP1",0.000980100345074998,-0.526986535607336,0.221,0.295,1,"MCEMP1","Up in Influenza"
"ZNF267",0.00100862008811567,0.851774370616785,0.252,0.162,1,"ZNF267","Up in Severe COVID"
"MRPL43",0.00105839763306997,-0.539774093083735,0.268,0.346,1,"MRPL43","Up in Influenza"
"HBP1",0.00107635506741156,0.889891875586418,0.338,0.206,1,"HBP1","Up in Severe COVID"
"HIST1H1C",0.00108412891874005,2.37669116046091,0.326,0.26,1,"HIST1H1C","Up in Severe COVID"
"SBDS",0.00108473141298003,0.692356100963359,0.406,0.317,1,"SBDS","Up in Severe COVID"
"CD81",0.00123565878074731,-0.770231711778496,0.479,0.572,1,"CD81","Up in Influenza"
"CAPN1",0.00124172210383085,0.598993056666167,0.347,0.433,1,"CAPN1","Up in Severe COVID"
"LGALS9",0.0012701411725816,-0.510877602011316,0.281,0.358,1,"LGALS9","Up in Influenza"
"C20orf27",0.00147002966495406,-0.600192250952401,0.283,0.385,1,"C20orf27","Up in Influenza"
"IMMT",0.00153159989315993,-0.735546402712458,0.179,0.274,1,"IMMT","Up in Influenza"
"PHF21A",0.00160609273048662,-0.689386136577186,0.188,0.262,1,"PHF21A","Up in Influenza"
"ORMDL2",0.00170733449167909,-0.512616286204608,0.184,0.251,1,"ORMDL2","Up in Influenza"
"NLRC5",0.00180845998686448,-0.625237383687658,0.217,0.312,1,"NLRC5","Up in Influenza"
"LINC00623",0.00183873702003827,-0.631747577868562,0.173,0.254,1,"LINC00623","Up in Influenza"
"PARVG",0.00184175556235879,-0.516319425779864,0.326,0.421,1,"PARVG","Up in Influenza"
"CHD1",0.00203258338090516,0.61491616459548,0.441,0.347,1,"CHD1","Up in Severe COVID"
"NENF",0.00210219471571633,0.797582562586959,0.278,0.266,1,"NENF","Up in Severe COVID"
"RNF138",0.00210676944011494,0.667915058257913,0.254,0.173,1,"RNF138","Up in Severe COVID"
"PPP1R15A",0.00213641658971209,0.739816346944731,0.562,0.478,1,"PPP1R15A","Up in Severe COVID"
"CCZ1",0.00217159996241583,-0.659556923982169,0.244,0.353,1,"CCZ1","Up in Influenza"
"ORAI2",0.00218966150553948,0.863512630959707,0.271,0.205,1,"ORAI2","Up in Severe COVID"
"PBRM1",0.00229474402787771,-0.630549194589124,0.212,0.299,1,"PBRM1","Up in Influenza"
"AHSA1",0.00252216813444796,-0.697622055373123,0.155,0.25,1,"AHSA1","Up in Influenza"
"B4GALT5",0.00253982216061229,-0.565452852995794,0.228,0.315,1,"B4GALT5","Up in Influenza"
"SEC13",0.00268962598654705,-0.535572003039558,0.205,0.276,1,"SEC13","Up in Influenza"
"CD83",0.00279453241176353,0.976202025350603,0.341,0.276,1,"CD83","Up in Severe COVID"
"APOL6",0.00285233435984293,-0.539788070522022,0.256,0.394,1,"APOL6","Up in Influenza"
"MAX",0.00286551889981109,1.68605500560694,0.4,0.29,1,"MAX","Up in Severe COVID"
"RPL17",0.00293957385298273,0.659449043227058,0.553,0.455,1,"RPL17","Up in Severe COVID"
"MARCH2",0.00306133978645961,2.03483910719304,0.419,0.357,1,"MARCH2","Up in Severe COVID"
"PDLIM2",0.00317941322732799,-0.571012295740719,0.275,0.354,1,"PDLIM2","Up in Influenza"
"LRRC25",0.00320348664562078,-0.578378325312436,0.232,0.312,1,"LRRC25","Up in Influenza"
"SEPHS2",0.00348285446831681,-0.643376015912675,0.184,0.268,1,"SEPHS2","Up in Influenza"
"DNMT1",0.00357695432187339,-0.529567736351431,0.188,0.282,1,"DNMT1","Up in Influenza"
"NADK",0.0036327673964263,-0.533444497980419,0.257,0.346,1,"NADK","Up in Influenza"
"SH3BP1",0.00376388701729986,-0.743733128642085,0.247,0.347,1,"SH3BP1","Up in Influenza"
"PDCD4",0.0037730972752386,0.629631292530108,0.393,0.308,1,"PDCD4","Up in Severe COVID"
"RASGRP2",0.00382244510562623,1.41593883996011,0.471,0.43,1,"RASGRP2","Up in Severe COVID"
"ELOVL1",0.00427000072400495,-0.60185425453422,0.188,0.259,1,"ELOVL1","Up in Influenza"
"PAK1",0.00433713015772522,-0.749160038848974,0.179,0.261,1,"PAK1","Up in Influenza"
"SSR4",0.00469755261067267,0.62162071043667,0.757,0.764,1,"SSR4","Up in Severe COVID"
"PDIA4",0.00494730533635854,-0.550765368554393,0.167,0.253,1,"PDIA4","Up in Influenza"
"CHST12",0.00504514874531198,-0.668180075178832,0.172,0.288,1,"CHST12","Up in Influenza"
"RBPJ",0.00509921102960845,-0.513830942495672,0.326,0.402,1,"RBPJ","Up in Influenza"
"NUMB",0.00514853711093539,-0.529123307481835,0.289,0.366,1,"NUMB","Up in Influenza"
"WDFY2",0.00528939659129509,-0.725980585424737,0.19,0.268,1,"WDFY2","Up in Influenza"
"NARS",0.00549899410295454,-0.591505075503979,0.192,0.252,1,"NARS","Up in Influenza"
"MPP1",0.00562281577148763,2.01603539166195,0.365,0.301,1,"MPP1","Up in Severe COVID"
"DCP1A",0.00582640898477183,0.515933944428354,0.253,0.181,1,"DCP1A","Up in Severe COVID"
"MRPS12",0.00586763277275197,-0.610885392049937,0.246,0.337,1,"MRPS12","Up in Influenza"
"KIF2A",0.00601317848526811,1.73085356902049,0.294,0.239,1,"KIF2A","Up in Severe COVID"
"CDKN1A",0.00629056568244647,1.20796609011017,0.266,0.174,1,"CDKN1A","Up in Severe COVID"
"CD3G",0.00644550562361873,-0.743849655042728,0.177,0.279,1,"CD3G","Up in Influenza"
"SLC3A2",0.0066219840513297,0.649215062149058,0.41,0.374,1,"SLC3A2","Up in Severe COVID"
"ARL2BP",0.00677992897126175,-0.509885242155762,0.225,0.295,1,"ARL2BP","Up in Influenza"
"ARID5A",0.007302649935889,0.660439430665725,0.318,0.224,1,"ARID5A","Up in Severe COVID"
"RNF11",0.00827879429893811,1.17596996335772,0.272,0.202,1,"RNF11","Up in Severe COVID"
"BRAF",0.00915142626749206,0.520894796493637,0.253,0.186,1,"BRAF","Up in Severe COVID"
"TAGLN2",0.00921473198159366,0.75741529702365,0.813,0.821,1,"TAGLN2","Up in Severe COVID"
"TRBC2",0.0103139774519832,-0.845423415566609,0.267,0.376,1,"TRBC2","Up in Influenza"
"EMC3",0.0108023325271282,1.10489143421794,0.431,0.372,1,"EMC3","Up in Severe COVID"
"RUFY1",0.0108394536646183,3.03814316511988,0.272,0.206,1,"RUFY1","Up in Severe COVID"
"CREBRF",0.0110413446510808,0.595125937895391,0.495,0.395,1,"CREBRF","Up in Severe COVID"
"TBC1D10C",0.0114920473638642,-0.905362868908338,0.284,0.402,1,"TBC1D10C","Up in Influenza"
"SYNE2",0.0115511112540868,-0.616592869407523,0.242,0.356,1,"SYNE2","Up in Influenza"
"SLC20A1",0.0115584279375081,-0.505593466824857,0.21,0.277,1,"SLC20A1","Up in Influenza"
"AREG",0.0116146054499667,1.02399032210199,0.233,0.269,1,"AREG","Up in Severe COVID"
"CDKN2D",0.0130844673940424,0.910061345881563,0.599,0.604,1,"CDKN2D","Up in Severe COVID"
"MTERF4",0.0136526298877943,0.58716806481653,0.262,0.208,1,"MTERF4","Up in Severe COVID"
"AKIRIN2",0.014726008303809,1.03606843244229,0.416,0.368,1,"AKIRIN2","Up in Severe COVID"
"TRIB1",0.0156296177388022,-0.63272326362732,0.182,0.254,1,"TRIB1","Up in Influenza"
"TMEM243",0.0169764132262537,0.58423223560659,0.343,0.263,1,"TMEM243","Up in Severe COVID"
"C1orf56",0.0171860162816392,-0.503880709036968,0.266,0.345,1,"C1orf56","Up in Influenza"
"BIRC3",0.0188698135573635,0.914644766747339,0.314,0.225,1,"BIRC3","Up in Severe COVID"
"GCH1",0.0189061726345231,-0.587269083461459,0.177,0.261,1,"GCH1","Up in Influenza"
"IER3",0.019142134952539,0.594393202093517,0.328,0.36,1,"IER3","Up in Severe COVID"
"IRF3",0.020620185269113,-0.534500961754633,0.244,0.339,1,"IRF3","Up in Influenza"
"MSL1",0.022651509016765,-0.55399369003509,0.211,0.273,1,"MSL1","Up in Influenza"
"SDF2L1",0.024049811914106,-0.669278663202269,0.24,0.319,1,"SDF2L1","Up in Influenza"
"PRDX6",0.0240827505591244,0.889072851240568,0.592,0.551,1,"PRDX6","Up in Severe COVID"
"TPST2",0.0261721003653317,0.542493713640545,0.339,0.445,1,"TPST2","Up in Severe COVID"
"COQ10B",0.0267779077011473,0.852759822397387,0.269,0.171,1,"COQ10B","Up in Severe COVID"
"CAMTA1",0.0275450736750795,1.26806100988755,0.336,0.281,1,"CAMTA1","Up in Severe COVID"
"TOMM5",0.0283135722056603,1.23192855164698,0.267,0.18,1,"TOMM5","Up in Severe COVID"
"NDUFAF3",0.0287026839806212,1.25987883016429,0.365,0.347,1,"NDUFAF3","Up in Severe COVID"
"RNF145",0.0301345247666524,0.552947819592077,0.28,0.225,1,"RNF145","Up in Severe COVID"
"JMJD6",0.0315169951042663,0.699622537018579,0.268,0.194,1,"JMJD6","Up in Severe COVID"
"CENPX",0.0320254723790793,-0.509220304112201,0.183,0.255,1,"CENPX","Up in Influenza"
"NXT1",0.0337699015514842,0.620823041883489,0.29,0.215,1,"NXT1","Up in Severe COVID"
"RABGAP1L",0.0339633599078452,0.853305366224751,0.29,0.26,1,"RABGAP1L","Up in Severe COVID"
"ZBTB43",0.0373585793356211,0.682409893325052,0.336,0.26,1,"ZBTB43","Up in Severe COVID"
"CARD19",0.0391622713712463,1.16843914817034,0.308,0.258,1,"CARD19","Up in Severe COVID"
"TMCO1",0.0401351093098635,-0.554549734150799,0.292,0.399,1,"TMCO1","Up in Influenza"
"SETX",0.0401364812528629,-0.536448307350802,0.277,0.38,1,"SETX","Up in Influenza"
"SNAP23",0.0428021058243832,1.34678435079412,0.35,0.317,1,"SNAP23","Up in Severe COVID"
"IDH2",0.0437009025768448,-0.616029684596196,0.277,0.379,1,"IDH2","Up in Influenza"
"TMEM123",0.0474988007018082,0.578602880337951,0.503,0.443,1,"TMEM123","Up in Severe COVID"
"AC020656.1",0.0503471413341197,0.953775761206536,0.371,0.506,1,"AC020656.1","Up in Severe COVID"
"UBE2H",0.0519619757875773,1.02916814512219,0.291,0.213,1,"UBE2H","Up in Severe COVID"
"SRSF6",0.0525555859048645,0.645411858749953,0.348,0.3,1,"SRSF6","Up in Severe COVID"
"PCNP",0.0542381934814632,0.875188695512927,0.419,0.373,1,"PCNP","Up in Severe COVID"
"TRADD",0.0565512527225266,-0.590534872578264,0.207,0.285,1,"TRADD","Up in Influenza"
"COPS2",0.0587739052012081,0.526507266896547,0.314,0.234,1,"COPS2","Up in Severe COVID"
"MIR4435-2HG",0.0594194759200402,0.791115424977461,0.273,0.284,1,"MIR4435-2HG","Up in Severe COVID"
"NORAD",0.0614723222313883,0.697625017518059,0.372,0.359,1,"NORAD","Up in Severe COVID"
"CNOT6L",0.063289536882805,0.69172656535232,0.318,0.251,1,"CNOT6L","Up in Severe COVID"
"R3HDM4",0.0634921453745298,0.776305800421511,0.361,0.317,1,"R3HDM4","Up in Severe COVID"
"DAPP1",0.0637219932273125,1.38861863913038,0.262,0.225,1,"DAPP1","Up in Severe COVID"
"TINF2",0.0649943465774465,-0.522365502495522,0.213,0.296,1,"TINF2","Up in Influenza"
"CALM3",0.0659763184336966,0.990040789093671,0.649,0.682,1,"CALM3","Up in Severe COVID"
"ACTR10",0.0679832523771761,0.518170490506594,0.224,0.255,1,"ACTR10","Up in Severe COVID"
"RSRC2",0.0693196405480436,0.707865471589372,0.506,0.427,1,"RSRC2","Up in Severe COVID"
"CTSA",0.0693405643667603,1.41939462135927,0.523,0.533,1,"CTSA","Up in Severe COVID"
"CD151",0.0716113054125773,1.38826238847164,0.302,0.283,1,"CD151","Up in Severe COVID"
"HIF1A",0.0746785201621217,0.57073317128477,0.458,0.397,1,"HIF1A","Up in Severe COVID"
"PARP1",0.0761677517983618,-0.514220574348944,0.212,0.294,1,"PARP1","Up in Influenza"
"RAP1B",0.0767626124918391,1.14492260986404,0.766,0.783,1,"RAP1B","Up in Severe COVID"
"RAB21",0.080524745304038,0.531189539962038,0.36,0.294,1,"RAB21","Up in Severe COVID"
"CIR1",0.080600221301439,0.526870830167852,0.473,0.415,1,"CIR1","Up in Severe COVID"
"RPS5",0.0813301169444897,0.649906614880863,0.794,0.886,1,"RPS5","Up in Severe COVID"
"VAPA",0.0841966740321022,0.52195466384876,0.633,0.64,1,"VAPA","Up in Severe COVID"
"PLIN2",0.0886330208935665,0.551599111350938,0.34,0.313,1,"PLIN2","Up in Severe COVID"
"UPF3A",0.0906967902806315,0.949622056118699,0.265,0.216,1,"UPF3A","Up in Severe COVID"
"JUND",0.0930423569283082,0.755367885897444,0.816,0.917,1,"JUND","Up in Severe COVID"
"RSU1",0.0943259716157762,1.51522865854008,0.337,0.32,1,"RSU1","Up in Severe COVID"
"EVL",0.0963463737056009,-0.68210294240737,0.388,0.465,1,"EVL","Up in Influenza"
"DNAJB6",0.0997447510654665,0.824638244097632,0.574,0.55,1,"DNAJB6","Up in Severe COVID"
"RIT1",0.101230746530958,0.864713337689597,0.28,0.225,1,"RIT1","Up in Severe COVID"
"YWHAH",0.102180535189805,1.76602278653578,0.39,0.415,1,"YWHAH","Up in Severe COVID"
"EIF2AK2",0.108702638164436,0.593073770301748,0.326,0.275,1,"EIF2AK2","Up in Severe COVID"
"NCOA4",0.109363355879543,0.691382782629557,0.452,0.502,1,"NCOA4","Up in Severe COVID"
"CYB5R3",0.110624623783056,1.27191790942885,0.306,0.263,1,"CYB5R3","Up in Severe COVID"
"IVNS1ABP",0.113313654988459,0.664046996995211,0.265,0.208,1,"IVNS1ABP","Up in Severe COVID"
"VDAC3",0.122594518998366,0.80167138126724,0.297,0.34,1,"VDAC3","Up in Severe COVID"
"TGFB1",0.123645082562946,1.05534005241557,0.747,0.788,1,"TGFB1","Up in Severe COVID"
"PTPN12",0.124081800977488,0.749056087407685,0.347,0.351,1,"PTPN12","Up in Severe COVID"
"WBP2",0.128438652125968,1.30880005252621,0.365,0.322,1,"WBP2","Up in Severe COVID"
"BHLHE40",0.13247599491582,0.735571376604019,0.316,0.253,1,"BHLHE40","Up in Severe COVID"
"TUBA1C",0.144751426459757,1.34231667131213,0.305,0.276,1,"TUBA1C","Up in Severe COVID"
"IFITM3",0.149781263646747,0.990385571953597,0.477,0.526,1,"IFITM3","Up in Severe COVID"
"LEPROT",0.150420704646255,0.555533910856213,0.346,0.36,1,"LEPROT","Up in Severe COVID"
"TXNL1",0.151017769824179,0.558836589832808,0.352,0.349,1,"TXNL1","Up in Severe COVID"
"SNRPN",0.1529275170159,0.691100283964405,0.296,0.267,1,"SNRPN","Up in Severe COVID"
"ZC3H7A",0.15351417061585,0.596628037172575,0.285,0.216,1,"ZC3H7A","Up in Severe COVID"
"EEF1B2",0.159192374233854,0.526528022254797,0.768,0.871,1,"EEF1B2","Up in Severe COVID"
"TAGAP",0.159921410432585,0.580591326158143,0.311,0.285,1,"TAGAP","Up in Severe COVID"
"YWHAE",0.163313672929892,0.591727262138994,0.466,0.474,1,"YWHAE","Up in Severe COVID"
"PIK3R1",0.17297652434475,0.57877182009552,0.412,0.34,1,"PIK3R1","Up in Severe COVID"
"PLEKHO1",0.17771548346874,0.615867435003285,0.429,0.465,1,"PLEKHO1","Up in Severe COVID"
"ASAH1",0.184254664386535,0.880959257712931,0.566,0.567,1,"ASAH1","Up in Severe COVID"
"AC016831.5",0.184412188787345,0.592624843201282,0.321,0.236,1,"AC016831.5","Up in Severe COVID"
"STRAP",0.186164342746844,0.520868089464903,0.377,0.373,1,"STRAP","Up in Severe COVID"
"IFI30",0.192421661546326,0.776225730831375,0.28,0.246,1,"IFI30","Up in Severe COVID"
"SYPL1",0.193457831162334,0.688095752909208,0.285,0.206,1,"SYPL1","Up in Severe COVID"
"KCMF1",0.195239637982328,0.563225992562295,0.319,0.276,1,"KCMF1","Up in Severe COVID"
"H3F3A",0.198681220901338,0.663516248025735,0.968,0.977,1,"H3F3A","Up in Severe COVID"
"CYTOR",0.199711293323398,0.623724887468751,0.346,0.346,1,"CYTOR","Up in Severe COVID"
"SNHG15",0.208141336824481,0.528536051050349,0.313,0.246,1,"SNHG15","Up in Severe COVID"
"RTN3",0.210037693559155,0.503612885226674,0.395,0.424,1,"RTN3","Up in Severe COVID"
"UPF2",0.210515091706832,0.532463851814452,0.286,0.225,1,"UPF2","Up in Severe COVID"
"NDUFB4",0.211079014402583,0.518243531883413,0.542,0.546,1,"NDUFB4","Up in Severe COVID"
"TTC1",0.212898760866478,-0.503132516310987,0.207,0.285,1,"TTC1","Up in Influenza"
"SEC14L1",0.220961153639015,0.855430498442174,0.343,0.304,1,"SEC14L1","Up in Severe COVID"
"CRBN",0.224410514617824,0.925557135044422,0.377,0.352,1,"CRBN","Up in Severe COVID"
"TUBB4B",0.227769352886333,0.968964516484825,0.367,0.346,1,"TUBB4B","Up in Severe COVID"
"CMPK1",0.228683462985944,0.960713110771543,0.443,0.376,1,"CMPK1","Up in Severe COVID"
"PIP4K2A",0.229325456074774,0.585647091691079,0.373,0.388,1,"PIP4K2A","Up in Severe COVID"
"STOM",0.231647700545044,1.52136216008263,0.364,0.376,1,"STOM","Up in Severe COVID"
"ARF4",0.23860337483532,0.871701340776891,0.316,0.277,1,"ARF4","Up in Severe COVID"
"ACTN1",0.247390132369514,1.34305080287525,0.32,0.292,1,"ACTN1","Up in Severe COVID"
"MFNG",0.249196247727395,0.528816126335352,0.288,0.263,1,"MFNG","Up in Severe COVID"
"ACAA2",0.254739065138709,-0.680461378568226,0.193,0.257,1,"ACAA2","Up in Influenza"
"KCTD20",0.262154030783917,0.724620336272042,0.251,0.22,1,"KCTD20","Up in Severe COVID"
"TERF2IP",0.278281451073621,0.608485504626899,0.479,0.45,1,"TERF2IP","Up in Severe COVID"
"PDCD10",0.293930142876727,1.063676903983,0.317,0.348,1,"PDCD10","Up in Severe COVID"
"FCGR2A",0.308338834402346,0.681917103061285,0.345,0.354,1,"FCGR2A","Up in Severe COVID"
"NDUFS4",0.319681052828134,0.84240511415552,0.254,0.24,1,"NDUFS4","Up in Severe COVID"
"SECISBP2",0.331342503064277,0.706571957126544,0.302,0.248,1,"SECISBP2","Up in Severe COVID"
"UBE2B",0.337432762268413,0.516321554636649,0.502,0.472,1,"UBE2B","Up in Severe COVID"
"CAPZA2",0.339646687902234,0.548149218865158,0.507,0.538,1,"CAPZA2","Up in Severe COVID"
"IFI6",0.361136375139902,0.762153727127653,0.392,0.462,1,"IFI6","Up in Severe COVID"
"NDUFS5",0.363765562991019,0.611578760184205,0.64,0.678,1,"NDUFS5","Up in Severe COVID"
"CMIP",0.37234281649581,0.554265622421793,0.352,0.374,1,"CMIP","Up in Severe COVID"
"PITHD1",0.372974186628272,0.531098199984122,0.251,0.209,1,"PITHD1","Up in Severe COVID"
"RIOK3",0.373953469028538,0.916332853341584,0.481,0.437,1,"RIOK3","Up in Severe COVID"
"RHEB",0.379384304468083,0.712249757830448,0.348,0.341,1,"RHEB","Up in Severe COVID"
"STK24",0.382954404027996,0.620529653658013,0.348,0.322,1,"STK24","Up in Severe COVID"
"IFI27L2",0.388495460139178,0.52169329862217,0.423,0.455,1,"IFI27L2","Up in Severe COVID"
"EIF2AK1",0.391728082769287,1.63138006805343,0.33,0.283,1,"EIF2AK1","Up in Severe COVID"
"GSN",0.395664827064164,0.918110003570753,0.263,0.27,1,"GSN","Up in Severe COVID"
"SOD2",0.399960842172388,0.602226917111199,0.511,0.534,1,"SOD2","Up in Severe COVID"
"RBX1",0.411785961551402,0.787213154922334,0.556,0.617,1,"RBX1","Up in Severe COVID"
"CHMP1B",0.418012245374379,0.55084769230647,0.322,0.257,1,"CHMP1B","Up in Severe COVID"
"MOB4",0.449087024844359,0.623067186728375,0.251,0.212,1,"MOB4","Up in Severe COVID"
"TLN1",0.454258571280573,1.24072013956182,0.627,0.711,1,"TLN1","Up in Severe COVID"
"ILK",0.457217037137001,1.52964126253973,0.306,0.349,1,"ILK","Up in Severe COVID"
"RAB32",0.470270528697756,1.52402023617413,0.405,0.436,1,"RAB32","Up in Severe COVID"
"CREG1",0.512382847005155,0.552672246004629,0.299,0.309,1,"CREG1","Up in Severe COVID"
"LAT",0.53319551046149,0.966755914937656,0.261,0.288,1,"LAT","Up in Severe COVID"
"ISG15",0.53809461865325,1.05092466480393,0.37,0.457,1,"ISG15","Up in Severe COVID"
"TMSB4X",0.563780960952555,0.522203838547168,0.986,0.983,1,"TMSB4X","Up in Severe COVID"
"NAA38",0.614612140513479,0.737510545923572,0.485,0.546,1,"NAA38","Up in Severe COVID"
"OAZ1",0.620006594994137,0.749800450861249,0.924,0.963,1,"OAZ1","Up in Severe COVID"
"NDUFA5",0.624441133908558,0.503247633006304,0.347,0.345,1,"NDUFA5","Up in Severe COVID"
"IFRD1",0.631953621191932,1.2022931936963,0.289,0.27,1,"IFRD1","Up in Severe COVID"
"EMD",0.719858146432364,0.591292005398132,0.294,0.266,1,"EMD","Up in Severe COVID"
"H2AFJ",0.74262621622866,0.814434062772627,0.449,0.488,1,"H2AFJ","Up in Severe COVID"
"TPM4",0.773526948315469,1.45919499174574,0.523,0.531,1,"TPM4","Up in Severe COVID"
"PTPN18",0.779593388630593,0.637607731486865,0.401,0.444,1,"PTPN18","Up in Severe COVID"
"UBE2E3",0.803010735213202,0.714087452195836,0.291,0.291,1,"UBE2E3","Up in Severe COVID"
"POLR2G",0.823447171480022,0.619889302682642,0.369,0.364,1,"POLR2G","Up in Severe COVID"
"CERS2",0.825442827149968,0.643500201906573,0.254,0.263,1,"CERS2","Up in Severe COVID"
"DUSP2",0.830475593087779,0.682736520595493,0.326,0.342,1,"DUSP2","Up in Severe COVID"
"CD68",0.830978884125359,0.519321764565125,0.442,0.484,1,"CD68","Up in Severe COVID"
"LAMTOR1",0.841734902700434,0.620066411189522,0.665,0.709,1,"LAMTOR1","Up in Severe COVID"
"MPC2",0.842358075368585,0.602947524892858,0.343,0.311,1,"MPC2","Up in Severe COVID"
"ADIPOR1",0.848475408302763,0.84923986078378,0.33,0.317,1,"ADIPOR1","Up in Severe COVID"
"GSTO1",0.88342082419812,1.16672417151206,0.561,0.611,1,"GSTO1","Up in Severe COVID"
"FURIN",0.886530685730211,0.50172202570408,0.271,0.251,1,"FURIN","Up in Severe COVID"
"FERMT3",0.895653615896112,1.1764461871302,0.549,0.622,1,"FERMT3","Up in Severe COVID"
"ADI1",0.907276042442044,0.686198993264901,0.251,0.245,1,"ADI1","Up in Severe COVID"
"ALDOA",0.90906731366413,0.616920237425735,0.258,0.234,1,"ALDOA","Up in Severe COVID"
"RAB11A",0.922678345593015,1.30286407019697,0.374,0.392,1,"RAB11A","Up in Severe COVID"
"RPS19BP1",0.925326108316822,0.506151588690888,0.448,0.424,1,"RPS19BP1","Up in Severe COVID"
"GABARAPL2",0.926940999114209,0.590966141206696,0.55,0.571,1,"GABARAPL2","Up in Severe COVID"
"MFSD1",0.939674439425468,0.626490140512278,0.288,0.295,1,"MFSD1","Up in Severe COVID"
"MXD1",0.942462408556166,0.525936903386566,0.321,0.303,1,"MXD1","Up in Severe COVID"
"VCL",0.956585338773854,1.16764335923027,0.285,0.309,1,"VCL","Up in Severe COVID"
"LYL1",0.98003951761758,1.92691630520064,0.288,0.236,1,"LYL1","Up in Severe COVID"
"GTF2A2",0.988614677994719,0.722111981438505,0.439,0.437,1,"GTF2A2","Up in Severe COVID"
"ZFAND6",0.994307816505298,0.521683966995333,0.352,0.341,1,"ZFAND6","Up in Severe COVID"
